data,yahoo_ibovespa,yahoo_bova11,yahoo_smal11,yahoo_ivvb11,yahoo_dolar_real,yahoo_euro_real,yahoo_sp500,yahoo_nasdaq,yahoo_dow_jones,yahoo_ouro,yahoo_petroleo_wti,yahoo_petroleo_brent,yahoo_soja,yahoo_milho,yahoo_ret_ibovespa,yahoo_ret_bova11,yahoo_ret_smal11,yahoo_ret_ivvb11,yahoo_ret_dolar_real,yahoo_ret_euro_real,yahoo_ret_sp500,yahoo_ret_nasdaq,yahoo_ret_dow_jones,yahoo_ret_ouro,yahoo_ret_petroleo_wti,yahoo_ret_petroleo_brent,yahoo_ret_soja,yahoo_ret_milho,bcb_sgs_selic_meta,bcb_sgs_selic_over,bcb_sgs_cdi,bcb_sgs_ipca,bcb_sgs_igp_m,bcb_sgs_inpc,bcb_sgs_ibc_br_sa,bcb_sgs_ibc_br,bcb_sgs_cambio_venda_usd,bcb_sgs_cambio_compra_usd,bcb_sgs_saldo_credito_total,bcb_sgs_saldo_credito_pj,bcb_sgs_saldo_credito_pf,bcb_sgs_inadimplencia_total,bcb_sgs_inadimplencia_pj,bcb_sgs_inadimplencia_pf,bcb_sgs_juros_credito_total,bcb_sgs_reservas_internacionais,bcb_sgs_var_pct_ibc_br_sa,bcb_sgs_var_pct_ibc_br,bcb_sgs_var_pct_cambio_venda_usd,bcb_sgs_var_pct_cambio_compra_usd,bcb_sgs_var_pct_saldo_credito_total,bcb_sgs_var_pct_saldo_credito_pj,bcb_sgs_var_pct_saldo_credito_pf,bcb_sgs_var_pct_reservas_internacionais,bcb_sgs_ipca_acum_12m,bcb_sgs_igp_m_acum_12m,bcb_sgs_inpc_acum_12m,bcb_sgs_dif_selic_meta,bcb_sgs_dif_selic_over,bcb_sgs_dif_cdi,bcb_sgs_dif_inadimplencia_total,bcb_sgs_dif_inadimplencia_pj,bcb_sgs_dif_inadimplencia_pf,bcb_sgs_dif_juros_credito_total
2021-07-31,121801.0,117.110001,141.800003,250.350006,5.0804,6.0387,4395.259766,14672.679688,34935.46875,1812.599976,73.949997,76.330002,1414.75,547.0,,,,,,,,,,,,,,,4.25,0.016137,0.016137,0.96,0.78,1.02,96.31464,99.83978,5.1216,5.121,4271865.0,1833179.0,2438686.0,2.36,1.58,2.94,20.26,355671.0,,,,,,,,,,,,,,,,,,
2021-08-31,118781.0,114.080002,136.330002,254.0,5.1829,6.1119,4522.680176,15259.240234,35360.730469,1815.0,68.5,72.989998,1298.75,534.0,-2.479454,-2.58731,-3.857547,1.457956,2.017557,1.212177,2.899042,3.997638,1.217278,0.132408,-7.369841,-4.375742,-8.199329,-2.3766,5.25,0.019413,0.019413,0.87,0.66,0.88,97.07568,99.32829,5.1433,5.1427,4346060.0,1851006.0,2495054.0,2.37,1.56,2.96,20.92,370395.0,0.79016,-0.512311,0.423696,0.423745,1.736829,0.972464,2.311409,4.139781,,,,1.0,0.003276,0.003276,0.01,-0.02,0.02,0.66
2021-09-30,110979.0,106.489998,127.400002,255.0,5.4143,6.2785,4307.540039,14448.580078,33843.921875,1755.300049,75.029999,78.519997,1256.0,536.75,-6.568391,-6.653229,-6.550283,0.393701,4.464682,2.725834,-4.756917,-5.312585,-4.289528,-3.289254,9.532845,7.576379,-3.291627,0.514981,6.25,0.021003,0.021003,1.16,-0.64,1.2,96.95969,97.24746,5.4394,5.4388,4441056.0,1894119.0,2546936.0,2.34,1.43,3.01,21.42,368886.0,-0.119484,-2.094902,5.757004,5.757676,2.185796,2.329166,2.079394,-0.407403,,,,1.0,0.001591,0.001591,-0.03,-0.13,0.05,0.5
2021-10-31,103501.0,99.68,111.199997,283.0,5.6449,6.593,4605.379883,15498.389648,35819.558594,1783.0,83.57,84.379997,1235.75,568.25,-6.738212,-6.394964,-12.715859,10.980392,4.259089,5.009156,6.914384,7.265832,5.837493,1.578075,11.382115,7.463068,-1.612261,5.868654,7.75,0.024244,0.024244,1.25,0.64,1.16,97.48142,96.62082,5.643,5.6424,4511956.0,1910940.0,2601017.0,2.33,1.43,2.99,22.89,367927.0,0.53809,-0.644377,3.74306,3.743473,1.596467,0.888065,2.123375,-0.259972,,,,1.5,0.00324,0.00324,-0.01,0.0,-0.02,1.47
2021-11-30,101915.0,98.349998,108.800003,280.549988,5.6007,6.3223,4567.0,15537.69043,34483.71875,1773.599976,66.18,70.57,1217.25,567.0,-1.532352,-1.334271,-2.158268,-0.865729,-0.783007,-4.10587,-0.833371,0.25358,-3.729359,-0.527203,-20.808902,-16.366435,-1.497067,-0.219974,7.75,0.029256,0.029256,0.95,0.02,0.84,98.97262,98.05768,5.6199,5.6193,4597507.0,1933111.0,2664395.0,2.36,1.46,3.01,23.91,367772.0,1.529727,1.487112,-0.409357,-0.4094,1.896096,1.160214,2.436662,-0.042128,,,,0.0,0.005012,0.005012,0.03,0.03,0.02,1.02
2021-12-31,104822.0,100.800003,113.300003,293.559998,5.5702,6.3049,4766.180176,15644.969727,36338.300781,1827.5,75.209999,77.779999,1328.75,593.25,2.852377,2.491108,4.136029,4.637323,-0.544574,-0.275213,4.361291,0.690446,5.378138,3.039018,13.644604,10.216805,9.159992,4.62963,9.25,0.033316,0.033316,0.73,0.87,0.73,99.35339,99.33126,5.5805,5.5799,4682852.0,1974391.0,2708461.0,2.35,1.4,3.05,24.21,362204.0,0.384723,1.298807,-0.70108,-0.701155,1.856332,2.135418,1.653884,-1.513981,,,,1.5,0.00406,0.00406,-0.01,-0.06,0.04,0.3
2022-01-31,112388.0,107.980003,117.0,260.399994,5.3626,5.9782,4515.549805,14239.879883,35131.859375,1795.0,88.150002,91.209999,1490.5,626.0,7.21795,7.123016,3.265664,-11.295818,-3.726978,-5.181687,-5.258517,-8.981097,-3.320027,-1.778386,17.205162,17.26665,12.173095,5.520438,9.25,0.034749,0.034749,0.54,1.82,0.67,97.34401,90.45032,5.3574,5.3568,4682131.0,1947035.0,2735096.0,2.51,1.46,3.26,25.23,358398.0,-2.022457,-8.94073,-3.99785,-3.99828,-0.015397,-1.385541,0.9834,-1.050789,,,,0.0,0.001433,0.001433,0.16,0.06,0.21,1.02
2022-02-28,113142.0,108.900002,111.040001,245.5,5.1594,5.814,4373.939941,13751.400391,33892.601562,1899.400024,95.720001,100.989998,1644.25,697.5,0.67089,0.852008,-5.094016,-5.721964,-3.789204,-2.746643,-3.136049,-3.430362,-3.527447,5.816157,8.587634,10.722507,10.31533,11.421725,10.75,0.039598,0.039598,1.01,1.83,1.0,98.43725,95.72214,5.1394,5.1388,4727818.0,1971524.0,2756295.0,2.57,1.44,3.38,25.63,357740.0,1.123069,5.828415,-4.069138,-4.069594,0.975774,1.257759,0.775073,-0.183595,,,,1.5,0.004849,0.004849,0.06,-0.02,0.12,0.4
2022-03-31,119999.0,115.599998,120.940002,235.649994,4.7697,5.3198,4530.410156,14220.519531,34678.351562,1949.199951,100.279999,107.910004,1618.25,748.75,6.060526,6.152431,8.915707,-4.012222,-7.553203,-8.500176,3.577329,3.411428,2.318353,2.621877,4.763892,6.852169,-1.581268,7.34767,11.75,0.041954,0.041954,1.62,1.74,1.71,99.55981,104.61484,4.7378,4.7372,4794583.0,1994119.0,2800464.0,2.66,1.55,3.45,26.54,353169.0,1.140381,9.290118,-7.814142,-7.815054,1.412174,1.146068,1.602477,-1.277744,,,,1.0,0.002356,0.002356,0.09,0.11,0.07,0.91
2022-04-30,107876.0,103.400002,110.599998,224.100006,4.9378,5.1837,4131.930176,12334.639648,32977.210938,1909.300049,104.690002,109.339996,1708.25,818.25,-10.102584,-10.553631,-8.549697,-4.901332,3.524328,-2.558363,-8.795671,-13.261681,-4.905483,-2.046989,4.39769,1.325172,5.561563,9.282137,11.75,0.043739,0.043739,1.06,1.41,1.04,99.51646,100.42352,4.9191,4.9185,4833732.0,2003312.0,2830420.0,2.72,1.57,3.54,27.46,345097.0,-0.043542,-4.00643,3.826671,3.827155,0.816526,0.461006,1.06968,-2.285591,,,,0.0,0.001785,0.001785,0.06,0.02,0.09,0.92
2022-05-31,111351.0,107.18,109.300003,214.5,4.7524,5.1176,4132.149902,12081.389648,32990.121094,1842.699951,114.669998,122.839996,1683.25,753.5,3.221291,3.655705,-1.175403,-4.283804,-3.754709,-1.275153,0.005318,-2.053161,0.039149,-3.488194,9.532902,12.346809,-1.463486,-7.913229,12.75,0.046796,0.046796,0.47,0.52,0.45,99.67415,99.79777,4.7289,4.7283,4889397.0,2013726.0,2875671.0,2.79,1.57,3.65,27.42,346415.0,0.158456,-0.623111,-3.866561,-3.867033,1.151595,0.519839,1.598738,0.381922,,,,1.0,0.003057,0.003057,0.07,0.0,0.11,-0.04
2022-06-30,98542.0,95.0,91.330002,216.699997,5.1809,5.4098,3785.379883,11028.740234,30775.429688,1804.099976,105.760002,114.809998,1675.0,743.75,-11.503264,-11.364061,-16.440989,1.02564,9.016501,5.709709,-8.392,-8.712983,-6.713196,-2.094751,-7.77012,-6.536958,-0.490123,-1.293962,13.25,0.048116,0.048116,0.67,0.59,0.62,99.6343,99.53784,5.238,5.2374,4965603.0,2052569.0,2913035.0,2.73,1.52,3.57,27.88,341958.0,-0.03998,-0.260457,10.765717,10.767083,1.558597,1.928912,1.299314,-1.286607,11.88673,10.700862,11.919595,0.5,0.00132,0.00132,-0.06,-0.05,-0.08,0.46
2022-07-31,103165.0,99.300003,95.650002,234.5,5.1827,5.2797,4130.290039,12390.69043,32845.128906,1762.900024,98.620003,110.010002,1637.0,616.25,4.691401,4.526319,4.730099,8.214122,0.034744,-2.404899,9.111639,12.3491,6.725168,-2.283684,-6.751134,-4.180817,-2.268657,-17.142857,13.25,0.049037,0.049037,-0.68,0.21,-0.6,101.27684,103.95861,5.1884,5.1878,4999244.0,2047038.0,2952207.0,2.84,1.6,3.71,29.24,346403.0,1.648569,4.441296,-0.946926,-0.947035,0.677481,-0.269467,1.344714,1.299867,10.069235,10.074751,10.124804,0.0,0.000921,0.000921,0.11,0.08,0.14,1.36
2022-08-31,109523.0,105.830002,106.800003,226.0,5.1219,5.1318,3955.0,11816.200195,31510.429688,1712.800049,89.550003,96.489998,1507.5,673.75,6.162943,6.576031,11.657085,-3.624733,-1.173135,-2.801289,-4.244013,-4.636467,-4.063614,-2.841907,-9.196917,-12.289795,-7.910812,9.330629,13.75,0.05056,0.05056,-0.36,-0.7,-0.31,101.07328,104.56278,5.179,5.1784,5072711.0,2064183.0,3008528.0,2.9,1.62,3.78,28.6,339664.0,-0.200994,0.581164,-0.181173,-0.181194,1.469562,0.837552,1.907759,-1.945422,8.727061,8.58755,8.825751,0.5,0.001523,0.001523,0.06,0.02,0.07,-0.64
2022-09-30,110037.0,106.459999,105.440002,213.5,5.3962,5.3031,3585.620117,10575.620117,28725.509766,1662.400024,79.489998,87.959999,1364.75,677.5,0.469308,0.595292,-1.273409,-5.530973,5.355436,3.338009,-9.339567,-10.498976,-8.838089,-2.942552,-11.233953,-8.840293,-9.46932,0.556586,13.75,0.050788,0.050788,-0.29,-0.95,-0.32,101.17973,101.38087,5.4066,5.406,5164775.0,2109806.0,3054969.0,2.92,1.65,3.8,28.57,327580.0,0.10532,-3.043062,4.394671,4.39518,1.814888,2.210221,1.543645,-3.557633,7.168596,8.24876,7.191214,0.0,0.000228,0.000228,0.02,0.03,0.02,-0.03
2022-10-31,116037.0,112.150002,112.5,220.240005,5.2885,5.2737,3871.97998,10988.150391,32732.949219,1635.900024,86.529999,94.830002,1407.0,691.5,5.452711,5.344733,6.695749,3.156911,-1.995855,-0.55439,7.986341,3.900767,13.950804,-1.594081,8.856461,7.810372,3.095805,2.066421,13.75,0.050788,0.050788,0.59,-0.97,0.47,101.46342,100.20398,5.257,5.2564,5215990.0,2105856.0,3110134.0,3.04,1.77,3.89,29.68,325546.0,0.280382,-1.16086,-2.766988,-2.767296,0.991621,-0.187221,1.805747,-0.620917,6.470016,6.517038,6.460076,0.0,0.0,0.0,0.12,0.12,0.09,1.11
2022-11-30,112486.0,108.580002,99.980003,233.25,5.2682,5.4362,4080.110107,11468.0,34589.769531,1746.0,80.550003,85.43,1469.5,662.0,-3.060231,-3.183236,-11.128886,5.90719,-0.38385,3.081326,5.375289,4.366973,5.672634,6.730239,-6.910893,-9.912476,4.442075,-4.266088,13.75,0.050788,0.050788,0.41,-0.56,0.38,100.66227,99.36927,5.2941,5.2935,5285657.0,2130312.0,3155345.0,3.07,1.81,3.92,30.52,331505.0,-0.789595,-0.833011,0.705726,0.705806,1.335643,1.161333,1.453667,1.830463,5.900488,5.899363,5.974439,0.0,0.0,0.0,0.03,0.04,0.03,0.84
2022-12-31,110031.0,105.949997,96.519997,225.0,5.2846,5.633,3839.5,10466.480469,33147.25,1819.699951,80.260002,85.910004,1519.25,678.5,-2.182494,-2.422182,-3.460699,-3.536977,0.311299,3.620171,-5.897147,-8.733166,-4.170365,4.221074,-0.360026,0.561867,3.385505,2.492447,13.75,0.050788,0.050788,0.62,0.45,0.69,100.58196,99.97806,5.2177,5.2171,5366069.0,2178236.0,3187833.0,3.07,1.8,3.94,29.64,324703.0,-0.079782,0.612654,-1.443116,-1.443279,1.521325,2.249624,1.029618,-2.051854,5.784842,5.458422,5.932356,0.0,-0.0,-0.0,0.0,-0.01,0.02,-0.88
2023-01-31,113532.0,109.839996,99.440002,228.199997,5.1149,5.5471,4076.600098,11584.549805,34086.039062,1929.5,78.870003,84.489998,1538.0,679.75,3.181831,3.671543,3.025286,1.422221,-3.211211,-1.524939,6.175286,10.682381,2.832178,6.033964,-1.731871,-1.652899,1.234162,0.18423,13.75,0.050788,0.050788,0.53,0.21,0.46,100.05178,93.79237,5.0993,5.0987,5373231.0,2151399.0,3221831.0,3.24,1.94,4.11,30.54,331122.0,-0.527112,-6.187047,-2.269199,-2.26946,0.133468,-1.232052,1.066493,1.976883,5.77432,3.79089,5.711379,0.0,0.0,0.0,0.17,0.14,0.17,0.9
2023-02-28,104932.0,101.150002,88.360001,229.300003,5.1997,5.514,3970.149902,11455.540039,32656.699219,1828.900024,77.050003,83.889999,1490.5,629.5,-7.574957,-7.911503,-11.142399,0.482036,1.657897,-0.59671,-2.611249,-1.113636,-4.193329,-5.213785,-2.307594,-0.710141,-3.088427,-7.392424,13.75,0.050788,0.050788,0.84,-0.06,0.77,103.00964,98.75065,5.2078,5.2072,5370950.0,2136105.0,3234845.0,3.36,2.17,4.16,30.48,328098.0,2.956329,5.286443,2.127743,2.127993,-0.042451,-0.710886,0.403932,-0.913259,5.596302,1.864495,5.47065,0.0,0.0,0.0,0.12,0.23,0.05,-0.06
2023-03-31,101882.0,98.489998,87.82,229.75,5.0927,5.5518,4109.310059,12221.910156,33274.148438,1969.0,75.669998,79.769997,1505.5,660.5,-2.906644,-2.629761,-0.611137,0.196248,-2.057809,0.685525,3.505161,6.689952,1.890728,7.660341,-1.791051,-4.911197,1.006374,4.924543,13.75,0.050788,0.050788,0.71,0.05,0.64,103.09341,110.62354,5.0804,5.0798,5424811.0,2154900.0,3269910.0,3.35,2.2,4.11,30.99,341158.0,0.081322,12.023101,-2.446331,-2.446612,1.002821,0.879872,1.083978,3.980518,4.650694,0.172427,4.361088,0.0,0.0,0.0,-0.01,0.03,-0.05,0.51
2023-04-30,104432.0,100.900002,89.0,229.75,4.9762,5.4883,4169.47998,12226.580078,34098.160156,1990.099976,76.779999,79.540001,1444.25,636.0,2.502896,2.446953,1.343658,0.0,-2.287586,-1.143772,1.464234,0.038209,2.476432,1.071609,1.466897,-0.288324,-4.068416,-3.709311,13.75,0.050788,0.050788,0.61,-0.95,0.53,104.1626,104.34152,5.0007,5.0001,5426307.0,2145000.0,3281308.0,3.54,2.45,4.26,31.62,345725.0,1.037108,-5.678737,-1.568774,-1.568959,0.027577,-0.459418,0.348572,1.338676,4.184706,-2.158772,3.834324,0.0,0.0,0.0,0.19,0.25,0.15,0.63
2023-05-31,108335.0,104.839996,100.5,233.25,5.0348,5.4012,4179.830078,12935.290039,32908.269531,1963.900024,68.089996,72.660004,1299.75,594.0,3.73736,3.904851,12.921348,1.523395,1.177604,-1.587013,0.248235,5.796469,-3.489604,-1.316514,-11.318055,-8.649732,-10.005193,-6.603774,13.75,0.050788,0.050788,0.23,-1.84,0.36,102.3642,102.66392,5.0959,5.0953,5453708.0,2145530.0,3308178.0,3.65,2.58,4.35,31.63,343489.0,-1.726531,-1.607797,1.903733,1.903962,0.504966,0.024709,0.818881,-0.646757,3.935832,-4.45588,3.741292,0.0,-0.0,-0.0,0.11,0.13,0.09,0.01
2023-06-30,118087.0,114.169998,109.5,235.25,4.8556,5.2739,4450.379883,13787.919922,34407.601562,1921.099976,70.639999,74.900002,1557.25,554.5,9.001708,8.899277,8.955224,0.857449,-3.559231,-2.35688,6.472746,6.591502,4.556095,-2.179339,3.745048,3.082849,19.811502,-6.649832,13.75,0.050788,0.050788,-0.08,-1.93,-0.1,102.50431,102.53174,4.8192,4.8186,5479459.0,2169613.0,3309846.0,3.61,2.63,4.25,30.85,343620.0,0.136874,-0.12875,-5.429855,-5.430495,0.472174,1.122473,0.050421,0.038138,3.161501,-6.84947,2.998957,0.0,0.0,0.0,-0.04,0.05,-0.1,-0.78
2023-07-31,121943.0,117.949997,112.900002,239.820007,4.7233,5.1895,4588.959961,14346.019531,35559.53125,1970.5,81.800003,85.559998,1445.75,504.0,3.265389,3.310851,3.105024,1.942617,-2.724687,-1.600337,3.113893,4.047743,3.347893,2.571445,15.79842,14.232304,-7.160058,-9.107304,13.75,0.050788,0.050788,0.12,-0.72,-0.09,102.83357,105.47522,4.7415,4.7409,5484871.0,2153541.0,3331330.0,3.63,2.73,4.22,30.43,345476.0,0.321216,2.870799,-1.612301,-1.612502,0.098769,-0.740777,0.649094,0.540132,3.992444,-7.713954,3.527423,0.0,0.0,0.0,0.02,0.1,-0.03,-0.42
2023-08-31,115742.0,112.309998,104.199997,247.649994,4.8884,5.313,4507.660156,14034.969727,34721.910156,1938.199951,83.629997,86.860001,1360.0,461.0,-5.085163,-4.781687,-7.705938,3.264943,3.49544,2.379812,-1.771639,-2.168196,-2.355546,-1.63918,2.237157,1.519405,-5.931178,-8.531746,13.25,0.049189,0.049189,0.23,-0.14,0.2,102.45222,106.13139,4.9219,4.9213,5559063.0,2172658.0,3386405.0,3.61,2.82,4.12,29.92,344177.0,-0.370842,0.622108,3.804703,3.805185,1.352666,0.887701,1.653244,-0.376003,4.608216,-7.193509,4.057054,-0.5,-0.001599,-0.001599,-0.02,0.09,-0.1,-0.51
2023-09-30,116565.0,113.150002,101.639999,238.789993,5.0328,5.3197,4288.049805,13219.320312,33507.5,1848.099976,90.790001,95.309998,1275.0,476.75,0.711064,0.747933,-2.456812,-3.57763,2.953934,0.126098,-4.871937,-5.811551,-3.497533,-4.648642,8.561526,9.728295,-6.25,3.416486,12.75,0.048422,0.048422,0.26,0.37,0.11,102.57885,102.00419,5.0076,5.007,5625945.0,2215175.0,3410769.0,3.54,2.82,4.0,29.66,340324.0,0.123599,-3.888765,1.741198,1.74141,1.203116,1.956912,0.719465,-1.119482,5.185235,-5.956714,4.505936,-0.5,-0.000768,-0.000768,-0.07,0.0,-0.12,-0.26
2023-10-31,113144.0,109.620003,94.199997,234.0,5.0461,5.3537,4193.799805,12851.240234,33052.871094,1985.199951,81.019997,87.410004,1287.0,478.75,-2.934843,-3.119751,-7.319955,-2.005944,0.264265,0.639141,-2.197969,-2.78441,-1.356797,7.418429,-10.761102,-8.288736,0.941176,0.419507,12.75,0.047279,0.047279,0.24,0.5,0.12,102.87707,102.0744,5.0575,5.0569,5653808.0,2204808.0,3449000.0,3.56,2.92,3.97,29.24,340247.0,0.290723,0.068831,0.996485,0.996605,0.495259,-0.467999,1.120891,-0.022625,4.819246,-4.560737,4.141877,0.0,-0.001143,-0.001143,0.02,0.1,-0.03,-0.42
2023-11-30,127331.0,123.57,106.349998,249.699997,4.9041,5.3628,4567.799805,14226.219727,35950.890625,2038.099976,75.959999,82.830002,1342.75,461.75,12.538888,12.725777,12.898091,6.7094,-2.814058,0.169975,8.917927,10.699197,8.76783,2.66472,-6.245369,-5.239677,4.331779,-3.550914,12.25,0.045601,0.045601,0.28,0.59,0.1,103.528,101.86494,4.9355,4.9349,5711103.0,2220766.0,3490337.0,3.53,2.99,3.88,29.01,348406.0,0.632726,-0.205203,-2.412259,-2.412545,1.013388,0.723782,1.198521,2.397964,4.683537,-3.457004,3.851383,-0.5,-0.001678,-0.001678,-0.03,0.07,-0.09,-0.23
2023-12-31,134185.0,130.389999,113.199997,257.609985,4.8502,5.343,4769.830078,15011.349609,37689.539062,2062.399902,71.650002,77.040001,1293.5,471.25,5.382821,5.519139,6.440995,3.167797,-1.099076,-0.369214,4.422923,5.518893,4.836176,1.192283,-5.674036,-6.990222,-3.667846,2.05739,11.75,0.044537,0.044537,0.56,0.74,0.55,104.8991,101.74606,4.8413,4.8407,5805157.0,2283485.0,3521672.0,3.29,2.59,3.75,28.14,355034.0,1.324376,-0.116704,-1.908621,-1.908853,1.646862,2.824206,0.897764,1.902378,4.621114,-3.178284,3.706988,-0.5,-0.001064,-0.001064,-0.24,-0.4,-0.13,-0.87
2024-01-31,127752.0,123.949997,106.370003,266.619995,4.9503,5.3604,4845.649902,15164.009766,38150.300781,2048.399902,75.849998,81.709999,1222.25,448.25,-4.794128,-4.939031,-6.033564,3.497539,2.063833,0.325665,1.589571,1.016965,1.222519,-0.678821,5.861824,6.061784,-5.508311,-4.880637,11.75,0.043739,0.043739,0.42,0.07,0.57,104.53245,98.01879,4.9535,4.9529,5794707.0,2234362.0,3560345.0,3.38,2.77,3.76,28.0,355066.0,-0.349526,-3.663306,2.317559,2.317847,-0.180012,-2.151229,1.098143,0.009013,4.506637,-3.31355,3.820543,0.0,-0.000798,-0.000798,0.09,0.18,0.01,-0.14
2024-02-29,129020.0,125.25,106.5,281.100006,4.9673,5.381,5096.27002,16091.919922,38996.390625,2045.699951,78.260002,83.620003,1128.25,415.75,0.992548,1.048812,0.122212,5.430955,0.343408,0.384297,5.172064,6.119161,2.21778,-0.131808,3.177329,2.33754,-7.690734,-7.250418,11.25,0.041957,0.041957,0.83,-0.52,0.81,104.75961,102.37988,4.9833,4.9827,5815954.0,2235302.0,3580652.0,3.38,2.76,3.76,27.85,352705.0,0.217311,4.449239,0.601595,0.601668,0.366662,0.04207,0.570366,-0.664947,4.496274,-3.758575,3.861754,-0.5,-0.001782,-0.001782,0.0,-0.01,0.0,-0.15
2024-03-31,128106.0,124.330002,109.0,292.600006,5.0141,5.4065,5254.350098,16379.459961,39807.371094,2217.399902,83.169998,87.480003,1191.5,442.0,-0.708417,-0.734529,2.347418,4.091071,0.942164,0.473886,3.101878,1.78686,2.07963,8.393213,6.273953,4.616121,5.606027,6.313891,10.75,0.04142,0.04142,0.16,-0.47,0.19,104.7097,109.58504,4.9962,4.9956,5899742.0,2285775.0,3613967.0,3.33,2.71,3.71,28.14,355008.0,-0.047642,7.037672,0.258865,0.258896,1.440658,2.257995,0.930417,0.652954,3.925596,-4.25878,3.397348,-0.5,-0.000537,-0.000537,-0.05,-0.05,-0.05,0.29
2024-04-30,125924.0,122.379997,100.5,291.0,5.117,5.4794,5035.689941,15657.820312,37815.921875,2291.399902,81.93,87.860001,1145.5,439.5,-1.703277,-1.56841,-7.798165,-0.546824,2.052213,1.348382,-4.161507,-4.40576,-5.002715,3.337242,-1.49092,0.434382,-3.86068,-0.565611,10.75,0.040168,0.040168,0.38,0.31,0.37,104.75682,109.36335,5.1718,5.1712,5915538.0,2268879.0,3646659.0,3.37,2.76,3.75,27.86,351599.0,0.045001,-0.2023,3.514671,3.515093,0.267741,-0.73918,0.904602,-0.96026,3.688016,-3.040871,3.232784,0.0,-0.001252,-0.001252,0.04,0.05,0.04,-0.28
2024-05-31,122098.0,118.660004,96.870003,308.200012,5.2021,5.6311,5277.509766,16735.019531,38686.320312,2322.899902,76.989998,81.620003,1205.0,446.25,-3.038341,-3.039707,-3.611938,5.910657,1.663078,2.768552,4.802119,6.879624,2.301672,1.374705,-6.02954,-7.102206,5.194238,1.535836,10.5,0.039484,0.039484,0.46,0.89,0.46,105.70704,104.84682,5.2416,5.241,5953960.0,2278309.0,3675652.0,3.43,2.8,3.82,27.75,355560.0,0.907072,-4.129839,1.349627,1.349783,0.64951,0.415624,0.795057,1.126567,3.925952,-0.344269,3.335647,-0.25,-0.000684,-0.000684,0.06,0.04,0.07,-0.11
2024-06-30,123907.0,120.379997,96.449997,339.829987,5.5005,5.8909,5460.47998,17732.599609,39118.859375,2327.699951,81.540001,86.410004,1150.5,397.25,1.481597,1.449514,-0.433577,10.262808,5.736153,4.613663,3.46698,5.961033,1.118067,0.20664,5.909863,5.868661,-4.522822,-10.980392,10.5,0.03927,0.03927,0.21,0.81,0.25,106.57623,106.03093,5.5589,5.5583,6041898.0,2336858.0,3705041.0,3.29,2.64,3.71,27.81,357827.0,0.822263,1.129371,6.053495,6.054188,1.476967,2.569845,0.799559,0.637586,4.227578,2.440035,3.697684,0.0,-0.000214,-0.000214,-0.14,-0.16,-0.11,0.06
2024-07-31,127652.0,124.040001,98.5,347.700012,5.6111,6.0695,5522.299805,17599.400391,40842.789062,2426.5,77.910004,80.720001,1028.5,382.75,3.022428,3.040375,2.125457,2.315871,2.010726,3.031792,1.132132,-0.751154,4.406902,4.244535,-4.451799,-6.584889,-10.604085,-3.650094,10.5,0.03927,0.03927,0.38,0.61,0.26,106.88756,111.55002,5.6621,5.6615,6069205.0,2323362.0,3745844.0,3.3,2.52,3.78,27.74,363282.0,0.29212,5.20517,1.856482,1.856683,0.451961,-0.577528,1.101283,1.52448,4.498245,3.812368,4.060953,0.0,0.0,0.0,0.01,-0.12,0.07,-0.07
2024-08-31,136004.0,132.600006,102.769997,354.850006,5.6277,6.2224,5648.399902,17713.619141,41563.078125,2493.800049,73.550003,78.800003,982.0,378.0,6.542788,6.901004,4.335022,2.056369,0.295836,2.519157,2.283471,0.648992,1.763565,2.773544,-5.596201,-2.37859,-4.521147,-1.241019,10.5,0.03927,0.03927,-0.02,0.29,-0.14,107.14396,110.19363,5.6562,5.6556,6135298.0,2344397.0,3790900.0,3.33,2.55,3.82,27.59,369214.0,0.239878,-1.215948,-0.104202,-0.104213,1.088989,0.905369,1.202826,1.632891,4.237599,4.259387,3.707852,0.0,0.0,0.0,0.03,0.03,0.04,-0.15
2024-09-30,131816.0,128.429993,97.959999,349.799988,5.4332,6.0652,5762.47998,18189.169922,42330.148438,2636.100098,68.169998,71.769997,1057.0,424.75,-3.079321,-3.144806,-4.680352,-1.423142,-3.456118,-2.526362,2.019688,2.684662,1.845557,5.706153,-7.314758,-8.921328,7.637475,12.367725,10.75,0.039612,0.039612,0.44,0.62,0.48,107.99916,107.28836,5.4481,5.4475,6216528.0,2384828.0,3831700.0,3.34,2.56,3.83,27.49,372016.0,0.798178,-2.636514,-3.679149,-3.679539,1.323978,1.72458,1.076262,0.758909,4.42474,4.519075,4.091149,0.25,0.000342,0.000342,0.01,0.01,0.01,-0.1
2024-10-31,129713.0,126.260002,97.25,368.579987,5.7623,6.2522,5705.450195,18095.150391,41763.460938,2738.300049,69.260002,73.160004,982.5,410.75,-1.595406,-1.689629,-0.724785,5.368782,6.057206,3.083168,-0.989674,-0.516898,-1.338733,3.876937,1.59895,1.936752,-7.04825,-3.296057,10.75,0.040168,0.040168,0.56,1.52,0.61,108.15356,109.21678,5.7779,5.7773,6275117.0,2397533.0,3877584.0,3.3,2.52,3.79,27.94,366096.0,0.142964,1.797418,6.053487,6.054153,0.942471,0.532743,1.197484,-1.591329,4.758099,5.579866,4.600584,0.0,0.000556,0.000556,-0.04,-0.04,-0.04,0.45
2024-11-30,125668.0,122.32,93.32,402.850006,6.0139,6.345178,6032.379883,19218.169922,44910.648438,2657.0,68.0,72.940002,989.5,423.0,-3.118423,-3.120547,-4.041131,9.297851,4.366308,1.487125,5.73013,6.206191,7.535744,-2.968997,-1.819235,-0.300712,0.712468,2.982349,11.25,0.04158,0.04158,0.39,1.3,0.33,107.98489,105.74688,6.0535,6.0529,6365690.0,2436022.0,3929668.0,3.27,2.5,3.75,28.45,363003.0,-0.155954,-3.177076,4.769899,4.770394,1.443368,1.605359,1.343208,-0.84486,4.873011,6.325086,4.840925,0.5,0.001412,0.001412,-0.03,-0.02,-0.04,0.51
2024-12-31,120283.0,117.269997,85.949997,407.700012,6.1779,6.422608,5881.629883,19310.789062,42544.21875,2629.199951,71.720001,74.639999,998.25,458.5,-4.2851,-4.128518,-7.89756,1.203924,2.727016,1.220293,-2.499014,0.481935,-5.269195,-1.046295,5.47059,2.330678,0.884285,8.392435,12.25,0.044158,0.044158,0.52,0.94,0.48,107.44467,104.2734,6.1923,6.1917,6464602.0,2499177.0,3965425.0,3.08,2.21,3.63,28.5,329730.0,-0.500274,-1.393403,2.292888,2.293116,1.55383,2.592546,0.909924,-9.16604,4.831296,6.536174,4.767938,1.0,0.002578,0.002578,-0.19,-0.29,-0.12,0.05
2025-01-31,126135.0,123.0,91.400002,394.149994,5.8745,6.101281,6040.529785,19627.439453,44544.660156,2812.5,72.529999,76.760002,1042.0,482.0,4.865193,4.886163,6.340901,-3.323527,-4.911055,-5.003057,2.70163,1.639759,4.702029,6.971704,1.129389,2.840304,4.38267,5.125409,13.25,0.045833,0.045833,0.16,0.27,0.0,108.06979,101.23438,5.8301,5.8295,6465016.0,2451957.0,4013059.0,3.34,2.43,3.89,29.88,328303.0,0.581806,-2.914473,-5.8492,-5.849767,0.006404,-1.889422,1.201233,-0.432778,4.559874,6.749097,4.174145,1.0,0.001675,0.001675,0.26,0.22,0.26,1.38
2025-02-28,122799.0,120.010002,87.599998,392.700012,5.839,6.064281,5954.5,18847.279297,43840.910156,2836.800049,69.760002,73.18,1011.5,453.5,-2.644785,-2.430893,-4.157553,-0.367876,-0.604299,-0.606433,-1.424209,-3.974844,-1.579875,0.864002,-3.819105,-4.66389,-2.927063,-5.912863,13.25,0.049037,0.049037,1.31,1.06,1.48,108.77346,107.07838,5.8488,5.8482,6511444.0,2477151.0,4034293.0,3.41,2.52,3.96,30.53,332508.0,0.651126,5.772742,0.320749,0.320782,0.718142,1.027506,0.529123,1.280829,5.05763,8.444549,4.866504,0.0,0.003204,0.003204,0.07,0.09,0.07,0.65
2025-03-31,130260.0,127.300003,93.419998,358.700012,5.7581,6.22665,5611.850098,17299.289062,42001.761719,3122.800049,71.480003,74.739998,1014.75,457.25,6.075782,6.074494,6.643835,-8.658008,-1.385514,2.677469,-5.75447,-8.213335,-4.195051,10.081782,2.465598,2.131727,0.321305,0.826902,14.25,0.050508,0.050508,0.56,-0.34,0.51,110.09056,114.05013,5.7422,5.7416,6576464.0,2498262.0,4078202.0,3.44,2.49,4.03,31.34,336157.0,1.210865,6.510885,-1.822596,-1.822783,0.99855,0.852229,1.088394,1.097417,5.47719,8.586193,5.201441,1.0,0.001471,0.001471,0.03,-0.03,0.07,0.81
2025-04-30,135067.0,131.630005,101.5,354.350006,5.62,6.393862,5569.060059,17446.339844,40669.359375,3305.0,58.209999,63.119999,1034.75,467.25,3.690312,3.401415,8.649114,-1.212714,-2.398363,2.685417,-0.762494,0.850039,-3.172253,5.834506,-18.564639,-15.547229,1.970929,2.186987,14.25,0.052531,0.052531,0.43,0.24,0.48,109.72323,112.73813,5.6608,5.6602,6623948.0,2512426.0,4111522.0,3.67,2.72,4.25,31.63,340789.0,-0.333662,-1.150371,-1.417575,-1.417723,0.722029,0.566954,0.817027,1.377928,5.529729,8.510418,5.316736,0.0,0.002023,0.002023,0.23,0.23,0.22,0.29
2025-05-31,137027.0,133.990005,107.639999,378.799988,5.6651,6.43915,5911.689941,19113.769531,42270.070312,3288.899902,60.790001,63.900002,1041.75,444.0,1.451132,1.792905,6.04926,6.899952,0.802495,0.708306,6.152383,9.557476,3.935914,-0.487144,4.432231,1.235746,0.676492,-4.975923,14.75,0.053936,0.053936,0.26,-0.49,0.35,109.00057,108.66481,5.7087,5.7081,6666287.0,2532708.0,4133579.0,3.72,2.67,4.36,31.7,341459.0,-0.658621,-3.613081,0.84617,0.84626,0.639181,0.807268,0.536468,0.196603,5.319636,7.026183,5.201418,0.5,0.001405,0.001405,0.05,-0.05,0.11,0.07
2025-06-30,138855.0,135.850006,109.029999,377.850006,5.4784,6.418485,6204.950195,20369.730469,44094.769531,3294.399902,65.110001,67.610001,1024.25,420.5,1.334044,1.388164,1.291341,-0.250787,-3.295615,-0.320923,4.960684,6.570975,4.316764,0.167229,7.106431,5.805945,-1.679866,-5.292793,15.0,0.054569,0.054569,0.24,-1.67,0.23,108.76683,107.55639,5.4571,5.4565,6703663.0,2547693.0,4155970.0,3.75,2.67,4.41,31.85,344440.0,-0.214439,-1.020036,-4.407308,-4.407771,0.560672,0.591659,0.541686,0.873018,5.351165,4.393261,5.18043,0.25,0.000633,0.000633,0.03,0.0,0.05,0.15
2025-07-31,133071.0,129.880005,101.919998,398.01001,5.5754,6.365372,6339.390137,21122.449219,44130.980469,3293.199951,69.260002,72.529999,961.75,394.0,-4.165496,-4.394554,-6.521142,5.335451,1.770583,-0.8275,2.166656,3.695281,0.082121,-0.036424,6.373831,7.277027,-6.102026,-6.302021,15.0,0.055131,0.055131,0.26,-0.77,0.21,108.27053,113.14433,5.6021,5.6015,6733209.0,2544400.0,4188808.0,3.96,2.79,4.66,31.75,345111.0,-0.456297,5.195358,2.657089,2.657381,0.440744,-0.129254,0.79014,0.194809,5.225222,2.961368,5.127976,0.0,0.000562,0.000562,0.21,0.12,0.25,-0.1
2025-08-31,141422.0,138.5,107.43,393.850006,5.413,6.317119,6460.259766,21455.550781,45544.878906,3473.699951,64.010002,68.120003,1036.75,398.0,6.275597,6.636892,5.406203,-1.045201,-2.912791,-0.758056,1.906644,1.577003,3.203868,5.480991,-7.580133,-6.080237,7.798284,1.015228,15.0,0.055131,0.055131,-0.11,0.36,-0.21,108.80021,110.57963,5.4264,5.4258,6774436.0,2546265.0,4228171.0,4.14,2.85,4.92,31.87,350767.0,0.489219,-2.266751,-3.136324,-3.13666,0.612293,0.073298,0.939718,1.638893,5.130501,3.033233,5.054283,0.0,0.0,0.0,0.18,0.06,0.26,0.12
2025-09-30,146237.0,143.240005,109.669998,399.799988,5.3217,6.238303,6688.459961,22660.009766,46397.890625,3840.800049,62.369999,67.019997,1001.75,415.5,3.404704,3.422387,2.085077,1.510723,-1.68668,-1.247656,3.532369,5.613741,1.872904,10.567985,-2.562105,-1.614806,-3.375934,4.396985,15.0,0.055131,0.055131,0.48,0.42,0.52,108.63642,109.59513,5.3186,5.318,6852705.0,2589817.0,4262888.0,4.09,2.77,4.89,31.47,356582.0,-0.150542,-0.890309,-1.986584,-1.986804,1.155358,1.710427,0.821088,1.657796,5.172369,2.828436,5.096104,0.0,0.0,0.0,-0.05,-0.08,-0.03,-0.4
2025-10-31,149540.0,146.410004,110.059998,413.329987,5.382,6.222775,6840.200195,23724.960938,47562.871094,3982.199951,60.98,65.07,1099.75,431.5,2.258662,2.213068,0.355612,3.384192,1.133094,-0.248917,2.268687,4.699694,2.510848,3.681522,-2.228635,-2.909575,9.78288,3.850782,15.0,0.055131,0.055131,0.09,-0.36,0.03,108.7159,110.16346,5.3843,5.3837,6923886.0,2597630.0,4326256.0,4.18,2.82,4.99,32.04,357103.0,0.073161,0.518572,1.235287,1.235427,1.038729,0.301682,1.486504,0.146109,4.680811,0.924206,4.490243,0.0,0.0,0.0,0.09,0.05,0.1,0.57
2025-11-30,159072.0,155.850006,116.489998,411.089996,5.3554,6.207325,6849.089844,23365.689453,47716.421875,4218.299805,58.549999,63.200001,1137.75,435.5,6.374214,6.447649,5.842268,-0.541938,-0.494238,-0.248282,0.129962,-1.514319,0.322837,5.92888,-3.984914,-2.873827,3.455331,0.926999,15.0,0.055131,0.055131,0.18,0.27,0.03,109.27405,106.90236,5.3338,5.3332,7003273.0,2616213.0,4387061.0,4.23,2.74,5.12,32.32,360578.0,0.513402,-2.960237,-0.937912,-0.938017,1.146567,0.715383,1.405488,0.973109,4.461836,-0.101973,4.177803,0.0,-0.0,-0.0,0.05,-0.08,0.13,0.28
2025-12-31,161125.0,158.0,112.449997,424.200012,5.4762,6.426735,6845.5,23241.990234,48063.289062,4325.600098,57.419998,60.849998,1030.5,440.25,1.290611,1.379528,-3.46811,3.189087,2.255667,3.534694,-0.052413,-0.529405,0.726935,2.543686,-1.929976,-3.718358,-9.4265,1.0907,15.0,0.055131,0.055131,0.33,-0.01,0.21,109.41762,107.17649,5.5024,5.5018,7136436.0,2701146.0,4435290.0,4.2,2.68,5.12,31.99,358234.0,0.131385,0.25643,3.160973,3.161329,1.90144,3.24641,1.099346,-0.650067,4.264385,-1.042167,3.897866,0.0,0.0,0.0,-0.03,-0.06,0.0,-0.33
2026-01-31,181364.0,178.199997,123.800003,410.649994,5.1892,6.203474,6939.029785,23461.820312,48892.46875,4713.899902,65.209999,70.690002,1064.25,428.25,12.561055,12.784808,10.093381,-3.194252,-5.240864,-3.473939,1.366296,0.945832,1.725183,8.976785,13.566704,16.170919,3.275109,-2.725724,15.0,0.055131,0.055131,0.33,0.41,0.39,110.05486,102.36456,5.2301,5.2295,7130500.0,2654052.0,4476448.0,4.45,2.87,5.38,32.6,364367.0,0.582392,-4.489725,-4.94875,-4.949289,-0.083179,-1.743482,0.927966,1.712009,4.441351,-0.903999,4.303068,0.0,0.0,0.0,0.25,0.19,0.26,0.61
2026-02-28,188787.0,185.160004,126.379997,396.75,5.1366,6.056935,6878.879883,22668.210938,48977.921875,5230.5,67.019997,72.480003,1157.25,438.75,4.092874,3.905728,2.084002,-3.384876,-1.013642,-2.362212,-0.866834,-3.382557,0.174778,10.959081,2.775644,2.532184,8.738548,2.451839,15.0,0.055131,0.055131,0.7,-0.73,0.56,110.65892,106.82125,5.1495,5.1489,7156987.0,2655931.0,4501056.0,4.64,3.07,5.56,32.78,371074.0,0.548872,4.353743,-1.54108,-1.541256,0.371461,0.070797,0.549722,1.840727,3.812497,-2.659212,3.357475,0.0,0.0,0.0,0.19,0.2,0.18,0.18
2026-03-31,187462.0,184.279999,120.0,380.149994,5.264,6.027728,6528.52002,21590.630859,46341.511719,4647.600098,101.379997,118.349998,1171.0,457.75,-0.701849,-0.475267,-5.048265,-4.183996,2.480238,-0.482204,-5.093269,-4.753706,-5.382854,-11.144248,51.268282,63.286414,1.188162,4.330484,14.75,0.054777,0.054777,0.88,0.52,0.91,110.51078,117.8089,5.2194,5.2188,7237735.0,2686046.0,4551689.0,4.52,3.04,5.4,32.99,362002.0,-0.133871,10.286015,1.357413,1.357572,1.12824,1.133877,1.124914,-2.444795,4.142847,-1.819225,3.768807,-0.25,-0.000354,-0.000354,-0.12,-0.03,-0.16,0.21
2026-04-30,187318.0,184.089996,115.760002,402.5,5.0175,5.858231,7209.009766,24892.310547,49652.140625,4614.700195,105.07,114.010002,1182.0,464.75,-0.076816,-0.103105,-3.533332,5.87926,-4.682751,-2.811955,10.423339,15.292187,7.143981,-0.70789,3.639774,-3.667086,0.939368,1.529219,14.5,0.054223,0.054223,0.67,2.73,0.81,110.95732,113.99365,4.9886,4.988,7258599.0,2684623.0,4573976.0,4.63,3.15,5.51,33.51,366913.0,0.404069,-3.238507,-4.421964,-4.422473,0.288267,-0.052977,0.489642,1.356622,4.39172,0.619623,4.109608,-0.25,-0.000554,-0.000554,0.11,0.11,0.11,0.52
2026-05-31,173788.0,170.75,110.989998,430.399994,5.0517,5.882353,7580.060059,26972.619141,51032.460938,4560.5,87.360001,92.050003,1186.75,446.75,-7.223011,-7.246454,-4.120598,6.931676,0.681618,0.411758,5.147036,8.357234,2.779981,-1.174512,-16.855429,-19.261467,0.401861,-3.87305,14.5,0.0534,0.0534,0.58,0.84,0.65,111.03587,109.52993,5.0569,5.0563,7299615.0,2704550.0,4595065.0,4.74,3.24,5.62,33.42,371137.0,0.070793,-3.915762,1.369122,1.369286,0.565068,0.742264,0.461065,1.151227,4.724907,1.964454,4.420848,0.0,-0.000823,-0.000823,0.11,0.09,0.11,-0.09
2026-06-30,172024.0,169.050003,107.980003,435.649994,5.181787,5.91716,7499.359863,26213.720703,52319.199219,4022.899902,69.5,72.919998,1116.75,412.75,-1.01503,-0.995606,-2.711951,1.219796,2.575111,0.591722,-1.064638,-2.813588,2.521411,-11.788183,-20.44414,-20.782188,-5.898462,-7.61052,14.25,0.053028,0.053028,0.16,-0.5,0.14,,,5.1766,5.176,,,,,,,,367558.0,,,2.367063,2.367344,,,,-0.964334,4.641328,3.177699,4.327084,-0.25,-0.000372,-0.000372,,,,
2026-07-31,176724.0,173.449997,106.18,425.519989,5.0821,5.7826,7408.299805,25137.689453,51711.648438,4062.100098,89.879997,92.0,1247.5,487.0,2.732177,2.602777,-1.666978,-2.325262,-1.923798,-2.274066,-1.214238,-4.10484,-1.161239,0.974426,29.323737,26.165664,11.708081,17.989098,14.25,0.052531,0.052531,,,,,,5.0807,5.0801,,,,,,,,,,,-1.852567,-1.852782,,,,,,,,0.0,-0.000497,-0.000497,,,,
