data,yahoo_ibovespa,yahoo_bova11,yahoo_smal11,yahoo_ivvb11,yahoo_dolar_real,yahoo_euro_real,yahoo_sp500,yahoo_nasdaq,yahoo_dow_jones,yahoo_ouro,yahoo_petroleo_wti,yahoo_petroleo_brent,yahoo_soja,yahoo_milho,yahoo_ret_ibovespa,yahoo_ret_bova11,yahoo_ret_smal11,yahoo_ret_ivvb11,yahoo_ret_dolar_real,yahoo_ret_euro_real,yahoo_ret_sp500,yahoo_ret_nasdaq,yahoo_ret_dow_jones,yahoo_ret_ouro,yahoo_ret_petroleo_wti,yahoo_ret_petroleo_brent,yahoo_ret_soja,yahoo_ret_milho,bcb_sgs_selic_meta,bcb_sgs_selic_over,bcb_sgs_cdi,bcb_sgs_ipca,bcb_sgs_igp_m,bcb_sgs_inpc,bcb_sgs_ibc_br_sa,bcb_sgs_ibc_br,bcb_sgs_cambio_venda_usd,bcb_sgs_cambio_compra_usd,bcb_sgs_saldo_credito_total,bcb_sgs_saldo_credito_pj,bcb_sgs_saldo_credito_pf,bcb_sgs_inadimplencia_total,bcb_sgs_inadimplencia_pj,bcb_sgs_inadimplencia_pf,bcb_sgs_juros_credito_total,bcb_sgs_reservas_internacionais,bcb_sgs_var_pct_ibc_br_sa,bcb_sgs_var_pct_ibc_br,bcb_sgs_var_pct_cambio_venda_usd,bcb_sgs_var_pct_cambio_compra_usd,bcb_sgs_var_pct_saldo_credito_total,bcb_sgs_var_pct_saldo_credito_pj,bcb_sgs_var_pct_saldo_credito_pf,bcb_sgs_var_pct_reservas_internacionais,bcb_sgs_ipca_acum_12m,bcb_sgs_igp_m_acum_12m,bcb_sgs_inpc_acum_12m,bcb_sgs_dif_selic_meta,bcb_sgs_dif_selic_over,bcb_sgs_dif_cdi,bcb_sgs_dif_inadimplencia_total,bcb_sgs_dif_inadimplencia_pj,bcb_sgs_dif_inadimplencia_pf,bcb_sgs_dif_juros_credito_total,comexstat_comex_exportacoes_fob_usd,comexstat_comex_importacoes_fob_usd,comexstat_comex_saldo_comercial_usd,comexstat_comex_corrente_comercio_usd,comexstat_comex_exportacoes_kg,comexstat_comex_importacoes_kg,comexstat_comex_importacoes_frete_usd,comexstat_comex_importacoes_seguro_usd,comexstat_comex_importacoes_cif_usd
1997-01-31,,,,,,,,,,,,,,,,,,,,,,,,,,,,,,,,,,,,,,,,,,,,,,,,,,,,,,,,,,,,,,,,,3680971118.0,2588659779.0,1092311339.0,6269630897.0,17370770826.0,1569629726.0,154149785.0,7008789.0,2749818353.0
1997-02-28,,,,,,,,,,,,,,,,,,,,,,,,,,,,,,,,,,,,,,,,,,,,,,,,,,,,,,,,,,,,,,,,,3142779857.0,4318802691.0,-1176022834.0,7461582548.0,11533856214.0,5323281894.0,269586773.0,9779987.0,4598169451.0
1997-03-31,,,,,,,,,,,,,,,,,,,,,,,,,,,,,,,,,,,,,,,,,,,,,,,,,,,,,,,,,,,,,,,,,3824075802.0,4788930369.0,-964854567.0,8613006171.0,18069567773.0,6976289986.0,288099455.0,10361488.0,5087391312.0
1997-04-30,,,,,,,,,,,,,,,,,,,,,,,,,,,,,,,,,,,,,,,,,,,,,,,,,,,,,,,,,,,,,,,,,4624157101.0,5590104948.0,-965947847.0,10214262049.0,17376767075.0,8802957131.0,326440136.0,11899885.0,5928444969.0
1997-05-31,,,,,,,,,,,,,,,,,,,,,,,,,,,,,,,,,,,,,,,,,,,,,,,,,,,,,,,,,,,,,,,,,4654892460.0,4789335402.0,-134442942.0,9444227862.0,17544577135.0,6128563413.0,286858875.0,10794486.0,5086988763.0
1997-06-30,,,,,,,,,,,,,,,,,,,,,,,,,,,,,,,,,,,,,,,,,,,,,,,,,,,,,,,,,,,,,,,,,4841600876.0,5270826987.0,-429226111.0,10112427863.0,20632933900.0,7662683316.0,298518542.0,11046623.0,5580392152.0
1997-07-31,,,,,,,,,,,,,,,,,,,,,,,,,,,,,,,,,,,,,,,,,,,,,,,,,,,,,,,,,,,,,,,,,5235223160.0,5852153367.0,-616930207.0,11087376527.0,20942639959.0,7428471192.0,323877065.0,12033773.0,6188064205.0
1997-08-31,,,,,,,,,,,,,,,,,,,,,,,,,,,,,,,,,,,,,,,,,,,,,,,,,,,,,,,,,,,,,,,,,5071719487.0,5433040732.0,-361321245.0,10504760219.0,17641593048.0,7528830131.0,306362435.0,12868642.0,5752271809.0
1997-09-30,,,,,,,,,,,,,,,,,,,,,,,,,,,,,,,,,,,,,,,,,,,,,,,,,,,,,,,,,,,,,,,,,4584627988.0,5495530941.0,-910902953.0,10080158929.0,17298038907.0,8723259234.0,313655780.0,11751918.0,5820938639.0
1997-10-31,,,,,,,,,,,,,,,,,,,,,,,,,,,,,,,,,,,,,,,,,,,,,,,,,,,,,,,,,,,,,,,,,4785884731.0,5713646158.0,-927761427.0,10499530889.0,18027453155.0,8402608401.0,331299240.0,15753417.0,6060698815.0
1997-11-30,,,,,,,,,,,,,,,,,,,,,,,,,,,,,,,,,,,,,,,,,,,,,,,,,,,,,,,,,,,,,,,,,3972863432.0,5332328817.0,-1359465385.0,9305192249.0,16647025984.0,9313912684.0,303665433.0,11290289.0,5647284539.0
1997-12-31,,,,,,,,,,,,,,,,,,,,,,,,,,,,,,,,,,,,,,,,,,,,,,,,,,,,,,,,,,,,,,,,,4528699520.0,5364601868.0,-835902348.0,9893301388.0,15732602964.0,8099551508.0,287705581.0,12916703.0,5665224152.0
1998-01-31,,,,,,,,,,,,,,,,,,,,,,,,,,,,,,,,,,,,,,,,,,,,,,,,,,,,,,,,,,,,,,,,,3907773890.0,4712116718.0,-804342828.0,8619890608.0,24719113033.0,7175796962.0,266592596.0,11246725.0,4989956039.0
1998-02-28,,,,,,,,,,,,,,,,,,,,,,,,,,,,,,,,,,,,,,,,,,,,,,,,,,,,,,,,,,,,,,,,,3712105426.0,4020478172.0,-308372746.0,7732583598.0,13729993121.0,6299743999.0,224285883.0,8638395.0,4253402450.0
1998-03-31,,,,,,,,,,,,,,,,,,,,,,,,,,,,,,,,,,,,,,,,,,,,,,,,,,,,,,,,,,,,,,,,,4270735544.0,5245879762.0,-975144218.0,9516615306.0,20052697929.0,8286697802.0,299028364.0,11682932.0,5556591058.0
1998-04-30,,,,,,,,,,,,,,,,,,,,,,,,,,,,,,,,,,,,,,,,,,,,,,,,,,,,,,,,,,,,,,,,,4573738237.0,4705097801.0,-131359564.0,9278836038.0,19832436953.0,7173381566.0,269324020.0,9628532.0,4984050353.0
1998-05-31,,,,,,,,,,,,,,,,,,,,,,,,,,,,,,,,,,,,,,,,,,,,,,,,,,,,,,,,,,,,,,,,,4608298209.0,4814205094.0,-205906885.0,9422503303.0,19613169243.0,7636281565.0,267816109.0,9953554.0,5091974757.0
1998-06-30,,,,,,,,,,,,,,,,,,,,,,,,,,,,,,,,,,,,,,,,,,,,,,,,,,,,,,,,,,,,,,,,,4881133088.0,4777596253.0,103536835.0,9658729341.0,21403302448.0,7661399075.0,269246828.0,10065561.0,5056908642.0
1998-07-31,,,,,,,,,,,,,,,,,,,,,,,,,,,,,,,,,,,,,,,,,,,,,,,,,,,,,,,,,,,,,,,,,4966901159.0,5479072265.0,-512171106.0,10445973424.0,22100405674.0,8704585505.0,313076514.0,11380846.0,5803529625.0
1998-08-31,,,,,,,,,,,,,,,,,,,,,,,,,,,,,,,,,,,,,,,,,,,,,,,,,,,,,,,,,,,,,,,,,3978706756.0,4232706977.0,-254000221.0,8211413733.0,16702273102.0,6640558008.0,230838519.0,8646350.0,4472191846.0
1998-09-30,,,,,,,,,,,,,,,,,,,,,,,,,,,,,,,,,,,,,,,,,,,,,,,,,,,,,,,,,,,,,,,,,4527631631.0,5810228743.0,-1282597112.0,10337860374.0,20140644721.0,9236816347.0,323161905.0,11987245.0,6145377893.0
1998-10-31,,,,,,,,,,,,,,,,,,,,,,,,,,,,,,,,,,,,,,,,,,,,,,,,,,,,,,,,,,,,,,,,,4010526061.0,5530836362.0,-1520310301.0,9541362423.0,19196106216.0,8309105193.0,307322316.0,11650164.0,5849808842.0
1998-11-30,,,,,,,,,,,,,,,,,,,,,,,,,,,,,,,,,,,,,,,,,,,,,,,,,,,,,,,,,,,,,,,,,3698225717.0,4812451151.0,-1114225434.0,8510676868.0,14182269939.0,7203941008.0,264006097.0,9949887.0,5086407135.0
1998-12-31,,,,,,,,,,,,,,,,,,,,,,,,,,,,,,,,,,,,,,,,,,,,,,,,,,,,,,,,,,,,,,,,,3940827831.0,4532191610.0,-591363779.0,8473019441.0,18480630167.0,5743654222.0,237684785.0,9206156.0,4779082551.0
1999-01-31,,,,,,,,,,,,,,,,,,,,,,,,,,,,,,,,,,,,,,,,,,,,,,,,,,,,,,,,,,,,,,,,,2947694137.0,3746185100.0,-798490963.0,6693879237.0,13689004872.0,6157694701.0,202480149.0,7477904.0,3956143153.0
1999-02-28,,,,,,,,,,,,,,,,,,,,,,,,,,,,,,,,,,,,,,,,,,,,,,,,,,,,,,,,,,,,,,,,,3264023488.0,3235867059.0,28156429.0,6499890547.0,15905343412.0,4886108126.0,170479188.0,6413441.0,3412759688.0
1999-03-31,,,,,,,,,,,,,,,,,,,,,,,,,,,,,,,,,,,,,,,,,,,,,,,,,,,,,,,,,,,,,,,,,3825933128.0,4134496194.0,-308563066.0,7960429322.0,16426007171.0,8208138951.0,219668172.0,8377633.0,4362541999.0
1999-04-30,,,,,,,,,,,,,,,,,,,,,,,,,,,,,,,,,,,,,,,,,,,,,,,,,,,,,,,,,,,,,,,,,3701836009.0,3757415685.0,-55579676.0,7459251694.0,15334536868.0,6308798354.0,181796420.0,7093967.0,3946306072.0
1999-05-31,,,,,,,,,,,,,,,,,,,,,,,,,,,,,,,,,,,,,,,,,,,,,,,,,,,,,,,,,,,,,,,,,4382344317.0,4171970713.0,210373604.0,8554315030.0,25082494984.0,7932697111.0,208304386.0,7753874.0,4388028973.0
1999-06-30,,,,,,,,,,,,,,,,,,,,,,,,,,,,,,,,,,,,,,,,,,,,,,,,,,,,,,,,,,,,,,,,,4304074451.0,4545922079.0,-241847628.0,8849996530.0,20314522643.0,8123996235.0,220257705.0,8906134.0,4775085918.0
1999-07-31,,,,,,,,,,,,,,,,,,,,,,,,,,,,,,,,,,,,,,,,,,,,,,,,,,,,,,,,,,,,,,,,,4112429031.0,4114886217.0,-2457186.0,8227315248.0,22392910072.0,6485314663.0,209669326.0,7767141.0,4332322684.0
1999-08-31,,,,,,,,,,,,,,,,,,,,,,,,,,,,,,,,,,,,,,,,,,,,,,,,,,,,,,,,,,,,,,,,,4266851497.0,4548570484.0,-281718987.0,8815421981.0,20092481195.0,6905632984.0,227086748.0,8326247.0,4783983479.0
1999-09-30,,,,,,,,,,,,,,,,,,,,,,,,,,,,,,,,,,,,,,,,,,,,,,,,,,,,,,,,,,,,,,,,,4178479790.0,4319941100.0,-141461310.0,8498420890.0,20779073720.0,7388557808.0,223123418.0,8317125.0,4551381643.0
1999-10-31,,,,,,,,,,,,,,,,,,,,,,,,,,,,,,,,,,,,,,,,,,,,,,,,,,,,,,,,,,,,,,,,,4298685972.0,4539759972.0,-241074000.0,8838445944.0,19161709019.0,8017861964.0,227761857.0,8415384.0,4775937213.0
1999-11-30,,,,,,,,,,,,,,,,,,,,,,,,,,,,,,,,,,,,,,,,,,,,,,,,,,,,,,,,,,,,,,,,,3996446244.0,4617817168.0,-621370924.0,8614263412.0,18294301117.0,7876805778.0,225613852.0,9056476.0,4852487496.0
1999-12-31,,,,,,,,,,,,,,,,,,,,,,,,,,,,,,,,,,,,,,,,,,,,,,,,,,,,,,,,,,,,,,,,,4667111246.0,4526708585.0,140402661.0,9193819831.0,21071162310.0,7221436348.0,220415136.0,8713117.0,4755836838.0
2000-01-31,,,,,,,,,,,,,,,,,,,,,,,,,,,,,,,,,,,,,,,,,,,,,,,,,,,,,,,,,,,,,,,,,3446768506.0,3654576124.0,-207807618.0,7101344630.0,19404428172.0,6011292254.0,180760172.0,6752623.0,3842088919.0
2000-02-29,,,,,,,,,,,,,,,,,,,,,,,,,,,,,,,,,,,,,,,,,,,,,,,,,,,,,,,,,,,,,,,,,4120793391.0,4133068789.0,-12275398.0,8253862180.0,16179667934.0,6590102857.0,208967209.0,7616009.0,4349652007.0
2000-03-31,,,,,,,,,,,,,,,,,,,,,,,,,,,,,,,,,,,,,,,,,,,,,,,,,,,,,,,,,,,,,,,,,4467447649.0,4535322503.0,-67874854.0,9002770152.0,20541303182.0,8069451240.0,229619951.0,8185252.0,4773127706.0
2000-04-30,,,,,,,,,,,,,,,,,,,,,,,,,,,,,,,,,,,,,,,,,,,,,,,,,,,,,,,,,,,,,,,,,4170220598.0,4078285287.0,91935311.0,8248505885.0,18033808143.0,5648976226.0,198504911.0,7426681.0,4284216879.0
2000-05-31,,,,,,,,,,,,,,,,,,,,,,,,,,,,,,,,,,,,,,,,,,,,,,,,,,,,,,,,,,,,,,,,,5060389264.0,4776280858.0,284108406.0,9836670122.0,23874946411.0,7705848934.0,245654630.0,8447631.0,5030383119.0
2000-06-30,,,,,,,,,,,,,,,,,,,,,,,,,,,,,,,,,,,,,,,,,,,,,,,,,,,,,,,,,,,,,,,,,4850102157.0,4681709174.0,168392983.0,9531811331.0,21197566320.0,8047407925.0,240464168.0,7761983.0,4929935325.0
2000-07-31,,,,,,,,,,,,,,,,,,,,,,,,,,,,,,,,,,,,,,,,,,,,,,,,,,,,,,,,,,,,,,,,,5000307451.0,4960414518.0,39892933.0,9960721969.0,22660894162.0,7703151353.0,253780222.0,8244123.0,5222438863.0
2000-08-31,,,,,,,,,,,,,,,,,,,,,,,,,,,,,,,,,,,,,,,,,,,,,,,,,,,,,,,,,,,,,,,,,5516407914.0,5501973736.0,14434178.0,11018381650.0,23834378510.0,9060701175.0,290196083.0,9239879.0,5801409698.0
2000-09-30,,,,,,,,,,,,,,,,,,,,,,,,,,,,,,,,,,,,,,,,,,,,,,,,,,,,,,,,,,,,,,,,,4705729616.0,5143575956.0,-437846340.0,9849305572.0,20096075378.0,8152139695.0,270496096.0,8790443.0,5422862495.0
2000-10-31,,,,,,,,,,,,,,,,,,,,,,,,,,,,,,,,,,,,,,,,,,,,,,,,,,,,,,,,,,,,,,,,,4634820927.0,5327233032.0,-692412105.0,9962053959.0,21888519226.0,9210101336.0,296288123.0,8963466.0,5632484621.0
2000-11-30,,,,,,,,,,,,,,,,,,,,,,,,,,,,,,,,,,,,,,,,,,,,,,,,,,,,,,,,,,,,,,,,,4374176633.0,5234186865.0,-860010232.0,9608363498.0,18815228417.0,8479052191.0,288594508.0,9074343.0,5531855716.0
2000-12-31,,,,,,,,,,,,,,,,,,,,,,,,,,,,,,,,,,,,,,,,,,,,,,,,,,,,,,,,,,,,,,,,,4645995542.0,4949723328.0,-303727786.0,9595718870.0,18010585422.0,8156746400.0,266983084.0,8577166.0,5225283578.0
2001-01-31,,,,,,,,,,,,,,,,,,,,,,,,,,,,,,,,,,,,,,,,,,,,,,,,,,,,,,,,,,,,,,,,,4528675856.0,5088239393.0,-559563537.0,9616915249.0,24699710529.0,7769243211.0,278310830.0,8546587.0,5375096810.0
2001-02-28,,,,,,,,,,,,,,,,,,,,,,,,,,,,,,,,,,,,,,,,,,,,,,,,,,,,,,,,,,,,,,,,,4062887664.0,4086700154.0,-23812490.0,8149587818.0,17296003758.0,6014017603.0,229949079.0,7441553.0,4324090786.0
2001-03-31,,,,,,,,,,,,,,,,,,,,,,,,,,,,,,,,,,,,,,,,,,,,,,,,,,,,,,,,,,,,,,,,,5153769468.0,5530627595.0,-376858127.0,10684397063.0,22792748570.0,7986649078.0,317850540.0,9833421.0,5858311556.0
2001-04-30,,,,,,,,,,,,,,,,,,,,,,,,,,,,,,,,,,,,,,,,,,,,,,,,,,,,,,,,,,,,,,,,,4713703708.0,4693746465.0,19957243.0,9407450173.0,20374486826.0,6152014384.0,247549987.0,8540893.0,4949837345.0
2001-05-31,,,,,,,,,,,,,,,,,,,,,,,,,,,,,,,,,,,,,,,,,,,,,,,,,,,,,,,,,,,,,,,,,5362183737.0,5236592969.0,125590768.0,10598776706.0,25954684967.0,8368097689.0,297586148.0,9237039.0,5543416156.0
2001-06-30,,,,,,,,,,,,,,,,,,,,,,,,,,,,,,,,,,,,,,,,,,,,,,,,,,,,,,,,,,,,,,,,,5033408207.0,4842735186.0,190673021.0,9876143393.0,22360326730.0,8473794330.0,249604886.0,8154723.0,5100494795.0
2001-07-31,,,,,,,,,,,,,,,,,,,,,,,,,,,,,,,,,,,,,,,,,,,,,,,,,,,,,,,,,,,,,,,,,4957564819.0,4938328065.0,19236754.0,9895892884.0,26063068293.0,7934144759.0,256776135.0,8645313.0,5203749513.0
2001-08-31,,,,,,,,,,,,,,,,,,,,,,,,,,,,,,,,,,,,,,,,,,,,,,,,,,,,,,,,,,,,,,,,,5719937959.0,5176029561.0,543908398.0,10895967520.0,25048979031.0,9557693159.0,262159494.0,8846057.0,5447035112.0
2001-09-30,,,,,,,,,,,,,,,,,,,,,,,,,,,,,,,,,,,,,,,,,,,,,,,,,,,,,,,,,,,,,,,,,4738230423.0,4246173613.0,492056810.0,8984404036.0,21706023641.0,7511529815.0,216987704.0,7323441.0,4470484758.0
2001-10-31,,,,,,,,,,,,,,,,,,,,,,,,,,,,,,,,,,,,,,,,,,,,,,,,,,,,,,,,,,,,,,,,,4943932135.0,4837692394.0,106239741.0,9781624529.0,24965016779.0,9025498456.0,250058484.0,8091558.0,5095842436.0
2001-11-30,,,,,,,,,,,,,,,,,,,,,,,,,,,,,,,,,,,,,,,,,,,,,,,,,,,,,,,,,,,,,,,,,4487381285.0,4299682121.0,187699164.0,8787063406.0,21256216522.0,7858928784.0,226034655.0,7130481.0,4532847257.0
2001-12-31,,,,,,,,,,,,,,,,,,,,,,,,,,,,,,,,,,,,,,,,,,,,,,,,,,,,,,,,,,,,,,,,,4330618982.0,3592472666.0,738146316.0,7923091648.0,20028485239.0,6698052972.0,184866968.0,5922885.0,3783262519.0
2002-01-31,,,,,,,,,,,,,,,,,,,,,,,,,,,,,,,,,,,,,,,,,,,,,,,,,,,,,,,,,,,,,,,,,3952038148.0,3886422498.0,65615650.0,7838460646.0,20117057888.0,6360397323.0,202242929.0,6953035.0,4095618462.0
2002-02-28,,,,,,,,,,,,,,,,,,,,,,,,,,,,,,,,,,,,,,,,,,,,,,,,,,,,,,,,,,,,,,,,,3652691211.0,3483558340.0,169132871.0,7136249551.0,17555811086.0,8319179189.0,182897743.0,5457832.0,3671913915.0
2002-03-31,,,,,,,,,,,,,,,,,,,,,,,,,,,,,,,,,,,,,,,,,,,,,,,,,,,,,,,,,,,,,,,,,4251755321.0,3749115387.0,502639934.0,8000870708.0,21172364495.0,6678835192.0,198971471.0,6390510.0,3954477368.0
2002-04-30,,,,,,,,,,,,,,,,,,,,,,,,,,,,,,,,,,,,,,,,,,,,,,,,,,,,,,,,,,,,,,,,,4612069084.0,4225843874.0,386225210.0,8837912958.0,23760736231.0,8266798758.0,223540762.0,6739639.0,4456124275.0
2002-05-31,,,,,,,,,,,,,,,,,,,,,,,,,,,,,,,,,,,,,,,,,,,,,,,,,,,,,,,,,,,,,,,,,4424075300.0,4154270359.0,269804941.0,8578345659.0,18957685371.0,7431022999.0,200485841.0,6689892.0,4361446092.0
2002-06-30,,,,,,,,,,,,,,,,,,,,,,,,,,,,,,,,,,,,,,,,,,,,,,,,,,,,,,,,,,,,,,,,,4064856073.0,3488084005.0,576772068.0,7552940078.0,12077634646.0,5699613589.0,175896097.0,5806693.0,3669786795.0
2002-07-31,,,,,,,,,,,,,,,,,,,,,,,,,,,,,,,,,,,,,,,,,,,,,,,,,,,,,,,,,,,,,,,,,6202182481.0,5105908040.0,1096274441.0,11308090521.0,37922237046.0,9263563202.0,250812793.0,8378689.0,5365099522.0
2002-08-31,,,,,,,,,,,,,,,,,,,,,,,,,,,,,,,,,,,,,,,,,,,,,,,,,,,,,,,,,,,,,,,,,5738521055.0,4258142754.0,1480378301.0,9996663809.0,32644607346.0,7664115371.0,202387715.0,6955643.0,4467486112.0
2002-09-30,,,,,,,,,,,,,,,,,,,,,,,,,,,,,,,,,,,,,,,,,,,,,,,,,,,,,,,,,,,,,,,,,6478828752.0,4087345435.0,2391483317.0,10566174187.0,35504918922.0,8765312446.0,210137108.0,5802289.0,4303284832.0
2002-10-31,,,,,,,,,,,,,,,,,,,,,,,,,,,,,,,,,,,,,,,,,,,,,,,,,,,,,,,,,,,,,,,,,6456465000.0,4369881833.0,2086583167.0,10826346833.0,29427360365.0,8798195154.0,216134477.0,6653972.0,4592670282.0
2002-11-30,,,,,,,,,,,,,,,,,,,,,,,,,,,,,,,,,,,,,,,,,,,,,,,,,,,,,,,,,,,,,,,,,5102634927.0,3936118274.0,1166516653.0,9038753201.0,23636505761.0,7716964946.0,198509222.0,6727649.0,4141355145.0
2002-12-31,,,,,,,,,,,,,,,,,,,,,,,,,,,,,,,,,,,,,,,,,,,,,,,,,,,,,,,,,,,,,,,,,5211040751.0,3530072754.0,1680967997.0,8741113505.0,22684886776.0,6490216987.0,170240476.0,5610349.0,3705923579.0
2003-01-31,,,,,,,,,,,,,,,,,,,,,,,,,,,,,,,,,,,,,,,,,,,,,,,,,,,,,,,,,,,,,,,,,4780278337.0,3739989245.0,1040289092.0,8520267582.0,25753257112.0,7069251195.0,178998571.0,6820516.0,3925808332.0
2003-02-28,,,,,,,,,,,,,,,,,,,,,,,,,,,,,,,,,,,,,,,,,,,,,,,,,,,,,,,,,,,,,,,,,4981697380.0,3973073644.0,1008623736.0,8954771024.0,23725813135.0,6711714560.0,190322068.0,5774108.0,4169169820.0
2003-03-31,,,,,,,,,,,,,,,,,,,,,,,,,,,,,,,,,,,,,,,,,,,,,,,,,,,,,,,,,,,,,,,,,5209857493.0,3786968109.0,1422889384.0,8996825602.0,24396846715.0,7412400989.0,186849204.0,5691753.0,3979509066.0
2003-04-30,,,,,,,,,,,,,,,,,,,,,,,,,,,,,,,,,,,,,,,,,,,,,,,,,,,,,,,,,,,,,,,,,5681705996.0,4081480307.0,1600225689.0,9763186303.0,26849549426.0,7810840635.0,209720777.0,5893569.0,4297094653.0
2003-05-31,,,,,,,,,,,,,,,,,,,,,,,,,,,,,,,,,,,,,,,,,,,,,,,,,,,,,,,,,,,,,,,,,6363120746.0,3946386523.0,2416734223.0,10309507269.0,29509431575.0,7407935790.0,207535364.0,6411640.0,4160333527.0
2003-06-30,,,,,,,,,,,,,,,,,,,,,,,,,,,,,,,,,,,,,,,,,,,,,,,,,,,,,,,,,,,,,,,,,5851302730.0,3603900663.0,2247402067.0,9455203393.0,24110969854.0,6876452745.0,190143653.0,5507910.0,3799552226.0
2003-07-31,,,,,,,,,,,,,,,,,,,,,,,,,,,,,,,,,,,,,,,,,,,,,,,,,,,,,,,,,,,,,,,,,6087497688.0,4122647114.0,1964850574.0,10210144802.0,24822203619.0,7313538189.0,216241355.0,6308382.0,4345196851.0
2003-08-31,,,,,,,,,,,,,,,,,,,,,,,,,,,,,,,,,,,,,,,,,,,,,,,,,,,,,,,,,,,,,,,,,6386781075.0,3811538042.0,2575243033.0,10198319117.0,24937275195.0,8674036533.0,188696308.0,5838926.0,4006073276.0
2003-09-30,,,,,,,,,,,,,,,,,,,,,,,,,,,,,,,,,,,,,,,,,,,,,,,,,,,,,,,,,,,,,,,,,7255157716.0,4702376781.0,2552780935.0,11957534497.0,33969525284.0,9838707439.0,244043996.0,7357519.0,4953778296.0
2003-10-31,,,,,,,,,,,,,,,,,,,,,,,,,,,,,,,,,,,,,,,,,,,,,,,,,,,,,,,,,,,,,,,,,7532647324.0,5107951287.0,2424696037.0,12640598611.0,36430613918.0,9912209578.0,248908776.0,8339609.0,5365199672.0
2003-11-30,,,,,,,,,,,,,,,,,,,,,,,,,,,,,,,,,,,,,,,,,,,,,,,,,,,,,,,,,,,,,,,,,5918226834.0,4348297888.0,1569928946.0,10266524722.0,24284429018.0,7980429477.0,213495251.0,6616551.0,4568409690.0
2003-12-31,,,,,,,,,,,,,,,,,,,,,,,,,,,,,,,,,,,,,,,,,,,,,,,,,,,,,,,,,,,,,,,,,6728473371.0,4082553549.0,2645919822.0,10811026920.0,22211387782.0,7493870130.0,220714061.0,6431467.0,4309699077.0
2004-01-31,,,,,,,,,,,,,,,,,,,,,,,,,,,,,,,,,,,,,,,,,,,,,,,,,,,,,,,,,,,,,,,,,5785343912.0,4293740267.0,1491603645.0,10079084179.0,32674627063.0,8108306456.0,223280029.0,6431887.0,4523452183.0
2004-02-29,,,,,,,,,,,,,,,,,,,,,,,,,,,,,,,,,,,,,,,,,,,,,,,,,,,,,,,,,,,,,,,,,5715580929.0,3833804921.0,1881776008.0,9549385850.0,24745574522.0,6753387345.0,204960243.0,6366304.0,4045131468.0
2004-03-31,,,,,,,,,,,,,,,,,,,,,,,,,,,,,,,,,,,,,,,,,,,,,,,,,,,,,,,,,,,,,,,,,7907130664.0,5422843187.0,2484287477.0,13329973851.0,36904341870.0,8652753091.0,298125380.0,8027274.0,5728995841.0
2004-04-30,,,,,,,,,,,,,,,,,,,,,,,,,,,,,,,,,,,,,,,,,,,,,,,,,,,,,,,,,,,,,,,,,6581422428.0,4713721088.0,1867701340.0,11295143516.0,19810871848.0,6992221898.0,237194546.0,7074268.0,4957989902.0
2004-05-31,,,,,,,,,,,,,,,,,,,,,,,,,,,,,,,,,,,,,,,,,,,,,,,,,,,,,,,,,,,,,,,,,7921661037.0,4917995334.0,3003665703.0,12839656371.0,25693774565.0,7832308934.0,262728571.0,6672556.0,5187396461.0
2004-06-30,,,,,,,,,,,,,,,,,,,,,,,,,,,,,,,,,,,,,,,,,,,,,,,,,,,,,,,,,,,,,,,,,9306490756.0,5614818291.0,3691672465.0,14921309047.0,34234289224.0,10132554245.0,329447478.0,8286789.0,5952552558.0
2004-07-31,,,,,,,,,,,,,,,,,,,,,,,,,,,,,,,,,,,,,,,,,,,,,,,,,,,,,,,,,,,,,,,,,8962900814.0,5613393139.0,3349507675.0,14576293953.0,37228563297.0,9274262170.0,323942703.0,8023777.0,5945359619.0
2004-08-31,,,,,,,,,,,,,,,,,,,,,,,,,,,,,,,,,,,,,,,,,,,,,,,,,,,,,,,,,,,,,,,,,9039689359.0,5708244289.0,3331445070.0,14747933648.0,38299916409.0,8799936900.0,324051633.0,8437113.0,6040733035.0
2004-09-30,,,,,,,,,,,,,,,,,,,,,,,,,,,,,,,,,,,,,,,,,,,,,,,,,,,,,,,,,,,,,,,,,8910068943.0,5834890104.0,3075178839.0,14744959047.0,33797142566.0,9681373346.0,346872836.0,8229277.0,6189992217.0
2004-10-31,,,,,,,,,,,,,,,,,,,,,,,,,,,,,,,,,,,,,,,,,,,,,,,,,,,,,,,,,,,,,,,,,8177723377.0,5932061045.0,2245662332.0,14109784422.0,29896045149.0,9287067135.0,332431751.0,8063817.0,6272556613.0
2004-11-30,,,,,,,,,,,,,,,,,,,,,,,,,,,,,,,,,,,,,,,,,,,,,,,,,,,,,,,,,,,,,,,,,8145723119.0,6161108902.0,1984614217.0,14306832021.0,32211023743.0,8866069207.0,352742432.0,8487544.0,6522338878.0
2004-12-31,,,,,,,,,,,,,,,,,,,,,,,,,,,,,,,,,,,,,,,,,,,,,,,,,,,,,,,,,,,,,,,,,8667937031.0,5767016101.0,2900920930.0,14434953132.0,30140354246.0,8217652511.0,330259382.0,7842627.0,6105118110.0
2005-01-31,,,,,,,,,,,,,,,,,,,,,,,,,,,,,,,,,,,,,,,,,,,,,,,,,,,,,,,,,,,,,,,,,7480600323.0,5349747825.0,2130852498.0,12830348148.0,27022616899.0,7236518197.0,296878704.0,7086479.0,5653713008.0
2005-02-28,,,,,,,,,,,,,,,,,,,,,,,,,,,,,,,,,,,,,,,,,,,,,,,,,,,,,,,,,,,,,,,,,7777720295.0,5071993155.0,2705727140.0,12849713450.0,29348130923.0,7661413802.0,296935976.0,6809965.0,5375739096.0
2005-03-31,,,,,,,,,,,,,,,,,,,,,,,,,,,,,,,,,,,,,,,,,,,,,,,,,,,,,,,,,,,,,,,,,9258176578.0,5998528365.0,3259648213.0,15256704943.0,31668610823.0,7626724072.0,331144414.0,8998874.0,6338671653.0
2005-04-30,,,,,,,,,,,,,,,,,,,,,,,,,,,,,,,,,,,,,,,,,,,,,,,,,,,,,,,,,,,,,,,,,9247138198.0,5423850538.0,3823287660.0,14670988736.0,33014800785.0,6979035351.0,305351183.0,8793537.0,5737995258.0
2005-05-31,,,,,,,,,,,,,,,,,,,,,,,,,,,,,,,,,,,,,,,,,,,,,,,,,,,,,,,,,,,,,,,,,9849729906.0,6462855358.0,3386874548.0,16312585264.0,31430942822.0,8510373191.0,330982985.0,9524057.0,6803362400.0
2005-06-30,,,,,,,,,,,,,,,,,,,,,,,,,,,,,,,,,,,,,,,,,,,,,,,,,,,,,,,,,,,,,,,,,10220075837.0,6257323744.0,3962752093.0,16477399581.0,33024160404.0,7643321556.0,343937136.0,8882730.0,6610143610.0
2005-07-31,,,,,,,,,,,,,,,,,,,,,,,,,,,,,,,,,,,,,,,,,,,,,,,,,,,,,,,,,,,,,,,,,11084278042.0,6147753231.0,4936524811.0,17232031273.0,36805752491.0,7569026186.0,328926923.0,8237990.0,6484918144.0
2005-08-31,,,,,,,,,,,,,,,,,,,,,,,,,,,,,,,,,,,,,,,,,,,,,,,,,,,,,,,,,,,,,,,,,11345352257.0,7784322183.0,3561030074.0,19129674440.0,37736460907.0,9679376805.0,372907450.0,9909056.0,8167138689.0
2005-09-30,,,,,,,,,,,,,,,,,,,,,,,,,,,,,,,,,,,,,,,,,,,,,,,,,,,,,,,,,,,,,,,,,10658371596.0,6401418258.0,4256953338.0,17059789854.0,33150633426.0,7484242700.0,328498618.0,8383509.0,6738300385.0
2005-10-31,,,,,,,,,,,,,,,,,,,,,,,,,,,,,,,,,,,,,,,,,,,,,,,,,,,,,,,,,,,,,,,,,9929497189.0,6327019742.0,3602477447.0,16256516931.0,32189171089.0,7018316489.0,307671743.0,8170778.0,6642862263.0
2005-11-30,,,,,,,,,,,,,,,,,,,,,,,,,,,,,,,,,,,,,,,,,,,,,,,,,,,,,,,,,,,,,,,,,10841578180.0,6806236340.0,4035341840.0,17647814520.0,36086552879.0,7980997768.0,342832135.0,8694182.0,7157762657.0
2005-12-31,,,,,,,,,,,,,,,,,,,,,,,,,,,,,,,,,,,,,,,,,,,,,,,,,,,,,,,,,,,,,,,,,10905317006.0,6661166815.0,4244150191.0,17566483821.0,35346555707.0,7700447139.0,332997244.0,9422872.0,7003586931.0
2006-01-31,,,,,,,,,,,,,,,,,,,,,,,,,,,,,,,,,,,,,,,,,,,,,,,,,,,,,,,,,,,,,,,,,9282148569.0,6552292447.0,2729856122.0,15834441016.0,31165615942.0,7228311573.0,328405786.0,8598295.0,6889296528.0
2006-02-28,,,,,,,,,,,,,,,,,,,,,,,,,,,,,,,,,,,,,,,,,,,,,,,,,,,,,,,,,,,,,,,,,8757143569.0,6072453364.0,2684690205.0,14829596933.0,27939238005.0,7340941375.0,302165921.0,7404257.0,6382023542.0
2006-03-31,,,,,,,,,,,,,,,,,,,,,,,,,,,,,,,,,,,,,,,,,,,,,,,,,,,,,,,,,,,,,,,,,11379482701.0,7814875149.0,3564607552.0,19194357850.0,38764389997.0,8910123059.0,371052780.0,10040548.0,8195968477.0
2006-04-30,,,,,,,,,,,,,,,,,,,,,,,,,,,,,,,,,,,,,,,,,,,,,,,,,,,,,,,,,,,,,,,,,9822123658.0,6845903574.0,2976220084.0,16668027232.0,29339238168.0,7125086432.0,322799459.0,8429748.0,7177132781.0
2006-05-31,,,,,,,,,,,,,,,,,,,,,,,,,,,,,,,,,,,,,,,,,,,,,,,,,,,,,,,,,,,,,,,,,10277429381.0,7383568872.0,2893860509.0,17660998253.0,26398793620.0,6581074613.0,333076991.0,9141303.0,7725787166.0
2006-06-30,,,,,,,,,,,,,,,,,,,,,,,,,,,,,,,,,,,,,,,,,,,,,,,,,,,,,,,,,,,,,,,,,11441854586.0,7464246107.0,3977608479.0,18906100693.0,35404059085.0,7551163492.0,342436884.0,9272672.0,7815955663.0
2006-07-31,,,,,,,,,,,,,,,,,,,,,,,,,,,,,,,,,,,,,,,,,,,,,,,,,,,,,,,,,,,,,,,,,13637840111.0,8085255913.0,5552584198.0,21723096024.0,50684398153.0,9485640045.0,386184008.0,10504745.0,8481944666.0
2006-08-31,,,,,,,,,,,,,,,,,,,,,,,,,,,,,,,,,,,,,,,,,,,,,,,,,,,,,,,,,,,,,,,,,13646473652.0,9212212077.0,4434261575.0,22858685729.0,40186349605.0,10753172179.0,424983392.0,11270105.0,9648465574.0
2006-09-30,,,,,,,,,,,,,,,,,,,,,,,,,,,,,,,,,,,,,,,,,,,,,,,,,,,,,,,,,,,,,,,,,12556054220.0,8207792935.0,4348261285.0,20763847155.0,36874081496.0,8757486680.0,387580242.0,10124709.0,8605497886.0
2006-10-31,,,,,,,,,,,,,,,,,,,,,,,,,,,,,,,,,,,,,,,,,,,,,,,,,,,,,,,,,,,,,,,,,12655903297.0,8830358685.0,3825544612.0,21486261982.0,38908613719.0,9906050228.0,418914173.0,10621889.0,9259894747.0
2006-11-30,,,,,,,,,,,,,,,,,,,,,,,,,,,,,,,,,,,,,,,,,,,,,,,,,,,,,,,,,,,,,,,,,11874489874.0,8761166328.0,3113323546.0,20635656202.0,35414847895.0,11060780788.0,411751218.0,10380205.0,9183297751.0
2006-12-31,,,,,,,,,,,,,,,,,,,,,,,,,,,,,,,,,,,,,,,,,,,,,,,,,,,,,,,,,,,,,,,,,12250207591.0,7300971419.0,4949236172.0,19551179010.0,33178340131.0,7565813400.0,373354034.0,9136031.0,7683461484.0
2007-01-31,,,,,,,,,,,,,,,,,,,,,,,,,,,,,,,,,,,,,,,,,,,,,,,,,,,,,,,,,,,,,,,,,10966848594.0,8562978418.0,2403870176.0,19529827012.0,35999952261.0,9203861525.0,406335128.0,10645702.0,8979959248.0
2007-02-28,,,,,,,,,,,,,,,,,,,,,,,,,,,,,,,,,,,,,,,,,,,,,,,,,,,,,,,,,,,,,,,,,10107260537.0,7340898045.0,2766362492.0,17448158582.0,31185073071.0,8226767909.0,360177556.0,9026386.0,7710101987.0
2007-03-31,,,,,,,,,,,,,,,,,,,,,,,,,,,,,,,,,,,,,,,,,,,,,,,,,,,,,,,,,,,,,,,,,12858871518.0,9627971296.0,3230900222.0,22486842814.0,36012513066.0,10515646894.0,471680675.0,11649538.0,10111301509.0
2007-04-30,,,,,,,,,,,,,,,,,,,,,,,,,,,,,,,,,,,,,,,,,,,,,,,,,,,,,,,,,,,,,,,,,12433002581.0,8382641249.0,4050361332.0,20815643830.0,36655126495.0,7820751292.0,397301507.0,10078386.0,8790021142.0
2007-05-31,,,,,,,,,,,,,,,,,,,,,,,,,,,,,,,,,,,,,,,,,,,,,,,,,,,,,,,,,,,,,,,,,13627574398.0,9904454627.0,3723119771.0,23532029025.0,39519782056.0,10140320204.0,483826421.0,12048569.0,10400329617.0
2007-06-30,,,,,,,,,,,,,,,,,,,,,,,,,,,,,,,,,,,,,,,,,,,,,,,,,,,,,,,,,,,,,,,,,13087980628.0,9417185041.0,3670795587.0,22505165669.0,35562289890.0,9705307246.0,461377846.0,11316266.0,9889879153.0
2007-07-31,,,,,,,,,,,,,,,,,,,,,,,,,,,,,,,,,,,,,,,,,,,,,,,,,,,,,,,,,,,,,,,,,14086693575.0,10896754195.0,3189939380.0,24983447770.0,45462526224.0,11073421284.0,506067903.0,12484950.0,11415307048.0
2007-08-31,,,,,,,,,,,,,,,,,,,,,,,,,,,,,,,,,,,,,,,,,,,,,,,,,,,,,,,,,,,,,,,,,15093709639.0,11683452779.0,3410256860.0,26777162418.0,43842093134.0,11115508755.0,567395465.0,13998411.0,12264846655.0
2007-09-30,,,,,,,,,,,,,,,,,,,,,,,,,,,,,,,,,,,,,,,,,,,,,,,,,,,,,,,,,,,,,,,,,13593241730.0,10832943047.0,2760298683.0,24426184777.0,39055445658.0,9737310592.0,501298017.0,12122223.0,11346363287.0
2007-10-31,,,,,,,,,,,,,,,,,,,,,,,,,,,,,,,,,,,,,,,,,,,,,,,,,,,,,,,,,,,,,,,,,15744759674.0,12481158132.0,3263601542.0,28225917806.0,44013184630.0,11645526770.0,628049647.0,14323890.0,13123531669.0
2007-11-30,,,,,,,,,,,,,,,,,,,,,,,,,,,,,,,,,,,,,,,,,,,,,,,,,,,,,,,,,,,,,,,,,14001345906.0,12175812615.0,1825533291.0,26177158521.0,36956973534.0,10385837020.0,607600739.0,13520896.0,12796934250.0
2007-12-31,,,,,,,,,,,,,,,,,,,,,,,,,,,,,,,,,,,,,,,,,,,,,,,,,,,,,,,,,,,,,,,,,14215095053.0,10735699676.0,3479395377.0,24950794729.0,37200503699.0,9273349730.0,534015462.0,12331888.0,11282047026.0
2008-01-31,,,,,,,,,,,,,,,,,,,,,,,,,,,,,,,,,,,,,,,,,,,,,,,,,,,,,,,,,,,,,,,,,13234232944.0,12487791035.0,746441909.0,25722023979.0,37399552147.0,10732652079.0,685487648.0,15475144.0,13188753827.0
2008-02-29,,,,,,,,,,,,,,,,,,,,,,,,,,,,,,,,,,,,,,,,,,,,,,,,,,,,,,,,,,,,,,,,,12763889431.0,12099971906.0,663917525.0,24863861337.0,35084180600.0,10903135390.0,673458812.0,13570598.0,12787001316.0
2008-03-31,,,,,,,,,,,,,,,,,,,,,,,,,,,,,,,,,,,,,,,,,,,,,,,,,,,,,,,,,,,,,,,,,12565657530.0,11772927059.0,792730471.0,24338584589.0,25764221373.0,8415975283.0,563246175.0,13305953.0,12349479187.0
2008-04-30,,,,,,,,,,,,,,,,,,,,,,,,,,,,,,,,,,,,,,,,,,,,,,,,,,,,,,,,,,,,,,,,,14038688872.0,12477739957.0,1560948915.0,26516428829.0,31854301075.0,8778888835.0,614224457.0,14131840.0,13106096254.0
2008-05-31,,,,,,,,,,,,,,,,,,,,,,,,,,,,,,,,,,,,,,,,,,,,,,,,,,,,,,,,,,,,,,,,,19244058215.0,15374637766.0,3869420449.0,34618695981.0,55880706893.0,11888174662.0,725355353.0,17075996.0,16117069115.0
2008-06-30,,,,,,,,,,,,,,,,,,,,,,,,,,,,,,,,,,,,,,,,,,,,,,,,,,,,,,,,,,,,,,,,,18572704209.0,16016786902.0,2555917307.0,34589491111.0,43442668263.0,11406779614.0,777183243.0,18301095.0,16812271240.0
2008-07-31,,,,,,,,,,,,,,,,,,,,,,,,,,,,,,,,,,,,,,,,,,,,,,,,,,,,,,,,,,,,,,,,,20401417806.0,17279442484.0,3121975322.0,37680860290.0,46856654901.0,11107559825.0,890575250.0,20912188.0,18190929922.0
2008-08-31,,,,,,,,,,,,,,,,,,,,,,,,,,,,,,,,,,,,,,,,,,,,,,,,,,,,,,,,,,,,,,,,,19678943462.0,17596371420.0,2082572042.0,37275314882.0,43181686404.0,11881009424.0,932317245.0,19865979.0,18548554644.0
2008-09-30,,,,,,,,,,,,,,,,,,,,,,,,,,,,,,,,,,,,,,,,,,,,,,,,,,,,,,,,,,,,,,,,,19091207639.0,17403299136.0,1687908503.0,36494506775.0,44543839278.0,10597342310.0,934814071.0,20460338.0,18358573545.0
2008-10-31,,,,,,,,,,,,,,,,,,,,,,,,,,,,,,,,,,,,,,,,,,,,,,,,,,,,,,,,,,,,,,,,,18423675325.0,17329401265.0,1094274060.0,35753076590.0,42426481855.0,11094099743.0,911800098.0,19820262.0,18261021625.0
2008-11-30,,,,,,,,,,,,,,,,,,,,,,,,,,,,,,,,,,,,,,,,,,,,,,,,,,,,,,,,,,,,,,,,,14057917989.0,13236431392.0,821486597.0,27294349381.0,32380104400.0,8471101291.0,713584689.0,16610062.0,13966626143.0
2008-12-31,,,,,,,,,,,,,,,,,,,,,,,,,,,,,,,,,,,,,,,,,,,,,,,,,,,,,,,,,,,,,,,,,13692230755.0,11632287304.0,2059943451.0,25324518059.0,29947014118.0,9218372107.0,588443290.0,13574737.0,12234305331.0
2009-01-31,,,,,,,,,,,,,,,,,,,,,,,,,,,,,,,,,,,,,,,,,,,,,,,,,,,,,,,,,,,,,,,,,9663351384.0,10439093990.0,-775742606.0,20102445374.0,29810957217.0,8018667279.0,537868588.0,12871802.0,10989834380.0
2009-02-28,,,,,,,,,,,,,,,,,,,,,,,,,,,,,,,,,,,,,,,,,,,,,,,,,,,,,,,,,,,,,,,,,9491899751.0,7955653234.0,1536246517.0,17447552985.0,29760432662.0,5898461135.0,376781850.0,9617993.0,8342053077.0
2009-03-31,,,,,,,,,,,,,,,,,,,,,,,,,,,,,,,,,,,,,,,,,,,,,,,,,,,,,,,,,,,,,,,,,11607785367.0,10191230376.0,1416554991.0,21799015743.0,36195644527.0,8376148489.0,487033896.0,12454887.0,10690719159.0
2009-04-30,,,,,,,,,,,,,,,,,,,,,,,,,,,,,,,,,,,,,,,,,,,,,,,,,,,,,,,,,,,,,,,,,12221834909.0,8763503232.0,3458331677.0,20985338141.0,40275827978.0,6513788331.0,398934091.0,10516224.0,9172953547.0
2009-05-31,,,,,,,,,,,,,,,,,,,,,,,,,,,,,,,,,,,,,,,,,,,,,,,,,,,,,,,,,,,,,,,,,11921111818.0,9500591071.0,2420520747.0,21421702889.0,33084840333.0,8773367366.0,412956193.0,11466276.0,9925013540.0
2009-06-30,,,,,,,,,,,,,,,,,,,,,,,,,,,,,,,,,,,,,,,,,,,,,,,,,,,,,,,,,,,,,,,,,14344895088.0,10009203076.0,4335692012.0,24354098164.0,40949199738.0,8482864522.0,413169233.0,11049455.0,10433421764.0
2009-07-31,,,,,,,,,,,,,,,,,,,,,,,,,,,,,,,,,,,,,,,,,,,,,,,,,,,,,,,,,,,,,,,,,14050671665.0,11380715202.0,2669956463.0,25431386867.0,44190268171.0,9518808285.0,469327849.0,13210363.0,11863253414.0
2009-08-31,,,,,,,,,,,,,,,,,,,,,,,,,,,,,,,,,,,,,,,,,,,,,,,,,,,,,,,,,,,,,,,,,13792127247.0,10934048488.0,2858078759.0,24726175735.0,41310898955.0,8895695679.0,461676521.0,12142996.0,11407868005.0
2009-09-30,,,,,,,,,,,,,,,,,,,,,,,,,,,,,,,,,,,,,,,,,,,,,,,,,,,,,,,,,,,,,,,,,13801853467.0,12698039220.0,1103814247.0,26499892687.0,44316922173.0,10569732814.0,527898555.0,13510173.0,13239447948.0
2009-10-31,,,,,,,,,,,,,,,,,,,,,,,,,,,,,,,,,,,,,,,,,,,,,,,,,,,,,,,,,,,,,,,,,14015803246.0,12910058824.0,1105744422.0,26925862070.0,41652255462.0,10230210969.0,572675028.0,14093207.0,13496827059.0
2009-11-30,,,,,,,,,,,,,,,,,,,,,,,,,,,,,,,,,,,,,,,,,,,,,,,,,,,,,,,,,,,,,,,,,12498222627.0,12182273476.0,315949151.0,24680496103.0,35658351616.0,9094399346.0,579892685.0,20378555.0,12782544716.0
2009-12-31,,,,,,,,,,,,,,,,,,,,,,,,,,,,,,,,,,,,,,,,,,,,,,,,,,,,,,,,,,,,,,,,,14382117617.0,12433201334.0,1948916283.0,26815318951.0,38049968582.0,9542647266.0,586832452.0,13632698.0,13033666484.0
2010-01-31,,,,,,,,,,,,,,,,,,,,,,,,,,,,,,,,,,,,,,,,,,,,,,,,,,,,,,,,,,,,,,,,,11153005703.0,11628213109.0,-475207406.0,22781218812.0,33586952229.0,9009083027.0,587417276.0,13046769.0,12228677154.0
2010-02-28,,,,,,,,,,,,,,,,,,,,,,,,,,,,,,,,,,,,,,,,,,,,,,,,,,,,,,,,,,,,,,,,,12066643269.0,11936118599.0,130524670.0,24002761868.0,36147808081.0,9723937661.0,610927965.0,12859003.0,12559905567.0
2010-03-31,,,,,,,,,,,,,,,,,,,,,,,,,,,,,,,,,,,,,,,,,,,,,,,,,,,,,,,,,,,,,,,,,15637886925.0,15181212723.0,456674202.0,30819099648.0,44865333748.0,10929024232.0,760138260.0,16894712.0,15958245695.0
2010-04-30,,,,,,,,,,,,,,,,,,,,,,,,,,,,,,,,,,,,,,,,,,,,,,,,,,,,,,,,,,,,,,,,,15074159639.0,14007783168.0,1066376471.0,29081942807.0,38868276977.0,11593603694.0,729619930.0,14578969.0,14751982067.0
2010-05-31,,,,,,,,,,,,,,,,,,,,,,,,,,,,,,,,,,,,,,,,,,,,,,,,,,,,,,,,,,,,,,,,,17632178264.0,14374167768.0,3258010496.0,32006346032.0,43893441575.0,10676220561.0,776322479.0,15686406.0,15166176653.0
2010-06-30,,,,,,,,,,,,,,,,,,,,,,,,,,,,,,,,,,,,,,,,,,,,,,,,,,,,,,,,,,,,,,,,,17012419860.0,14960403236.0,2052016624.0,31972823096.0,42612938557.0,11325826817.0,793256289.0,15028937.0,15768688462.0
2010-07-31,,,,,,,,,,,,,,,,,,,,,,,,,,,,,,,,,,,,,,,,,,,,,,,,,,,,,,,,,,,,,,,,,17555470535.0,16464840453.0,1090630082.0,34020310988.0,43805947991.0,13291236909.0,882423372.0,17599151.0,17364862976.0
2010-08-31,,,,,,,,,,,,,,,,,,,,,,,,,,,,,,,,,,,,,,,,,,,,,,,,,,,,,,,,,,,,,,,,,19084996312.0,16961829274.0,2123167038.0,36046825586.0,49546393342.0,12152380442.0,913514132.0,17600261.0,17892943667.0
2010-09-30,,,,,,,,,,,,,,,,,,,,,,,,,,,,,,,,,,,,,,,,,,,,,,,,,,,,,,,,,,,,,,,,,18726305741.0,17891795638.0,834510103.0,36618101379.0,46765986700.0,13446364707.0,938987489.0,18308986.0,18849092113.0
2010-10-31,,,,,,,,,,,,,,,,,,,,,,,,,,,,,,,,,,,,,,,,,,,,,,,,,,,,,,,,,,,,,,,,,18136570769.0,16685019583.0,1451551186.0,34821590352.0,47290568374.0,12795315370.0,893261996.0,16648417.0,17594929996.0
2010-11-30,,,,,,,,,,,,,,,,,,,,,,,,,,,,,,,,,,,,,,,,,,,,,,,,,,,,,,,,,,,,,,,,,17558595004.0,17538417516.0,20177488.0,35097012520.0,41355777886.0,12734816333.0,919370139.0,17307574.0,18475095229.0
2010-12-31,,,,,,,,,,,,,,,,,,,,,,,,,,,,,,,,,,,,,,,,,,,,,,,,,,,,,,,,,,,,,,,,,20795902805.0,15707163779.0,5088739026.0,36503066584.0,51002002450.0,10433654707.0,850723579.0,15778653.0,16573666011.0
2011-01-31,,,,,,,,,,,,,,,,,,,,,,,,,,,,,,,,,,,,,,,,,,,,,,,,,,,,,,,,,,,,,,,,,15031610457.0,14962070227.0,69540230.0,29993680684.0,36499173423.0,10557184277.0,781574242.0,15550428.0,15759194897.0
2011-02-28,,,,,,,,,,,,,,,,,,,,,,,,,,,,,,,,,,,,,,,,,,,,,,,,,,,,,,,,,,,,,,,,,16621034760.0,15689000891.0,932033869.0,32310035651.0,37284079921.0,10692739268.0,778825859.0,16375105.0,16484201855.0
2011-03-31,,,,,,,,,,,,,,,,,,,,,,,,,,,,,,,,,,,,,,,,,,,,,,,,,,,,,,,,,,,,,,,,,19172557483.0,17872299348.0,1300258135.0,37044856831.0,41478621880.0,11423845359.0,845662536.0,17930365.0,18735892249.0
2011-04-30,,,,,,,,,,,,,,,,,,,,,,,,,,,,,,,,,,,,,,,,,,,,,,,,,,,,,,,,,,,,,,,,,20083002562.0,18458870399.0,1624132163.0,38541872961.0,42172305592.0,12429633445.0,835376885.0,18036407.0,19312283691.0
2011-05-31,,,,,,,,,,,,,,,,,,,,,,,,,,,,,,,,,,,,,,,,,,,,,,,,,,,,,,,,,,,,,,,,,23057404066.0,19826222541.0,3231181525.0,42883626607.0,46983574819.0,12761656551.0,916926023.0,19706176.0,20762854740.0
2011-06-30,,,,,,,,,,,,,,,,,,,,,,,,,,,,,,,,,,,,,,,,,,,,,,,,,,,,,,,,,,,,,,,,,22518366011.0,19398620585.0,3119745426.0,41916986596.0,45014744535.0,12435321707.0,870020079.0,18393645.0,20287034309.0
2011-07-31,,,,,,,,,,,,,,,,,,,,,,,,,,,,,,,,,,,,,,,,,,,,,,,,,,,,,,,,,,,,,,,,,22193042186.0,19259092355.0,2933949831.0,41452134541.0,46699082655.0,12200491189.0,869624166.0,19029339.0,20147745860.0
2011-08-31,,,,,,,,,,,,,,,,,,,,,,,,,,,,,,,,,,,,,,,,,,,,,,,,,,,,,,,,,,,,,,,,,26076703082.0,22405400011.0,3671303071.0,48482103093.0,54733524253.0,14375327949.0,996088748.0,21032119.0,23422520878.0
2011-09-30,,,,,,,,,,,,,,,,,,,,,,,,,,,,,,,,,,,,,,,,,,,,,,,,,,,,,,,,,,,,,,,,,23191369933.0,20356258250.0,2835111683.0,43547628183.0,48962582075.0,13664660769.0,922222923.0,19097855.0,21297579028.0
2011-10-31,,,,,,,,,,,,,,,,,,,,,,,,,,,,,,,,,,,,,,,,,,,,,,,,,,,,,,,,,,,,,,,,,22056074475.0,19918996728.0,2137077747.0,41975071203.0,44583016714.0,12470612595.0,866305834.0,18624461.0,20803927023.0
2011-11-30,,,,,,,,,,,,,,,,,,,,,,,,,,,,,,,,,,,,,,,,,,,,,,,,,,,,,,,,,,,,,,,,,21666081911.0,21345663330.0,320418581.0,43011745241.0,48554721021.0,13411162984.0,970266855.0,19668488.0,22335598673.0
2011-12-31,,,,,,,,,,,,,,,,,,,,,,,,,,,,,,,,,,,,,,,,,,,,,,,,,,,,,,,,,,,,,,,,,21999062581.0,18477262036.0,3521800545.0,40476324617.0,51120224827.0,12280299409.0,861365258.0,18671878.0,19357299172.0
2012-01-31,,,,,,,,,,,,,,,,,,,,,,,,,,,,,,,,,,,,,,,,,,,,,,,,,,,,,,,,,,,,,,,,,15949177033.0,17589407302.0,-1640230269.0,33538584335.0,31976027958.0,11106028850.0,782197707.0,17287119.0,18388892128.0
2012-02-29,,,,,,,,,,,,,,,,,,,,,,,,,,,,,,,,,,,,,,,,,,,,,,,,,,,,,,,,,,,,,,,,,17926499266.0,16476146495.0,1450352771.0,34402645761.0,37622692112.0,9053523719.0,723081620.0,15085693.0,17214313808.0
2012-03-31,,,,,,,,,,,,,,,,,,,,,,,,,,,,,,,,,,,,,,,,,,,,,,,,,,,,,,,,,,,,,,,,,20739368495.0,19033764217.0,1705604278.0,39773132712.0,45559354634.0,10970266189.0,826373940.0,20864053.0,19881002210.0
2012-04-30,,,,,,,,,,,,,,,,,,,,,,,,,,,,,,,,,,,,,,,,,,,,,,,,,,,,,,,,,,,,,,,,,19461604595.0,18849751858.0,611852737.0,38311356453.0,42870616532.0,11503800781.0,775408683.0,18497838.0,19643658379.0
2012-05-31,,,,,,,,,,,,,,,,,,,,,,,,,,,,,,,,,,,,,,,,,,,,,,,,,,,,,,,,,,,,,,,,,23146072472.0,20417070958.0,2729001514.0,43563143430.0,48581698960.0,12158614894.0,902874239.0,17337264.0,21337282461.0
2012-06-30,,,,,,,,,,,,,,,,,,,,,,,,,,,,,,,,,,,,,,,,,,,,,,,,,,,,,,,,,,,,,,,,,19181689510.0,18709216579.0,472472931.0,37890906089.0,43019464688.0,12187629585.0,807254357.0,15260475.0,19531731411.0
2012-07-31,,,,,,,,,,,,,,,,,,,,,,,,,,,,,,,,,,,,,,,,,,,,,,,,,,,,,,,,,,,,,,,,,20837121787.0,18294468661.0,2542653126.0,39131590448.0,47187454614.0,12415963854.0,825264347.0,17533529.0,19137266537.0
2012-08-31,,,,,,,,,,,,,,,,,,,,,,,,,,,,,,,,,,,,,,,,,,,,,,,,,,,,,,,,,,,,,,,,,22241316256.0,19312716179.0,2928600077.0,41554032435.0,48601508368.0,12015424323.0,894992759.0,19135277.0,20226844215.0
2012-09-30,,,,,,,,,,,,,,,,,,,,,,,,,,,,,,,,,,,,,,,,,,,,,,,,,,,,,,,,,,,,,,,,,19890116135.0,17605428014.0,2284688121.0,37495544149.0,46270514820.0,11385576490.0,828838008.0,16718214.0,18450984236.0
2012-10-31,,,,,,,,,,,,,,,,,,,,,,,,,,,,,,,,,,,,,,,,,,,,,,,,,,,,,,,,,,,,,,,,,21187492462.0,20395170133.0,792322329.0,41582662595.0,52962583072.0,12178540489.0,941493598.0,19860600.0,21356524331.0
2012-11-30,,,,,,,,,,,,,,,,,,,,,,,,,,,,,,,,,,,,,,,,,,,,,,,,,,,,,,,,,,,,,,,,,19707711615.0,20821071301.0,-1113359686.0,40528782916.0,50945721080.0,14593431119.0,910836890.0,17788550.0,21749696741.0
2012-12-31,,,,,,,,,,,,,,,,,,,,,,,,,,,,,,,,,,,,,,,,,,,,,,,,,,,,,,,,,,,,,,,,,19684368532.0,17662214372.0,2022154160.0,37346582904.0,50334702404.0,12220156747.0,808125103.0,15943151.0,18486282626.0
2013-01-31,,,,,,,,,,,,,,,,,,,,,,,,,,,,,,,,,,,,,,,,,,,,,,,,,,,,,,,,,,,,,,,,,15757148192.0,20156726433.0,-4399578241.0,35913874625.0,39742221890.0,12709171607.0,887148922.0,16540686.0,21060416041.0
2013-02-28,,,,,,,,,,,,,,,,,,,,,,,,,,,,,,,,,,,,,,,,,,,,,,,,,,,,,,,,,,,,,,,,,15478937787.0,16981570962.0,-1502633175.0,32460508749.0,35655842473.0,11368759493.0,798838959.0,14461229.0,17794871150.0
2013-03-31,,,,,,,,,,,,,,,,,,,,,,,,,,,,,,,,,,,,,,,,,,,,,,,,,,,,,,,,,,,,,,,,,18360470433.0,19281997605.0,-921527172.0,37642468038.0,39893298406.0,12793785482.0,873491594.0,15633737.0,20171122936.0
2013-04-30,,,,,,,,,,,,,,,,,,,,,,,,,,,,,,,,,,,,,,,,,,,,,,,,,,,,,,,,,,,,,,,,,20550843458.0,21788737806.0,-1237894348.0,42339581264.0,43368619498.0,14379331499.0,970417360.0,17973153.0,22777128319.0
2013-05-31,,,,,,,,,,,,,,,,,,,,,,,,,,,,,,,,,,,,,,,,,,,,,,,,,,,,,,,,,,,,,,,,,21654862456.0,21203755901.0,451106555.0,42858618357.0,48502753660.0,14243891547.0,944865207.0,16223981.0,22164845089.0
2013-06-30,,,,,,,,,,,,,,,,,,,,,,,,,,,,,,,,,,,,,,,,,,,,,,,,,,,,,,,,,,,,,,,,,19331841435.0,18986750021.0,345091414.0,38318591456.0,45130186030.0,11559153856.0,838478764.0,15878097.0,19841106882.0
2013-07-31,,,,,,,,,,,,,,,,,,,,,,,,,,,,,,,,,,,,,,,,,,,,,,,,,,,,,,,,,,,,,,,,,20357391663.0,22867575854.0,-2510184191.0,43224967517.0,49470948858.0,15950631384.0,942894070.0,17307050.0,23827776974.0
2013-08-31,,,,,,,,,,,,,,,,,,,,,,,,,,,,,,,,,,,,,,,,,,,,,,,,,,,,,,,,,,,,,,,,,21214505830.0,20364218693.0,850287137.0,41578724523.0,53940880179.0,13528448309.0,895188812.0,17022997.0,21276430502.0
2013-09-30,,,,,,,,,,,,,,,,,,,,,,,,,,,,,,,,,,,,,,,,,,,,,,,,,,,,,,,,,,,,,,,,,20745602464.0,19035573348.0,1710029116.0,39781175812.0,50723533816.0,12166023340.0,828317131.0,15847522.0,19879738001.0
2013-10-31,,,,,,,,,,,,,,,,,,,,,,,,,,,,,,,,,,,,,,,,,,,,,,,,,,,,,,,,,,,,,,,,,20636722332.0,23201590344.0,-2564868012.0,43838312676.0,52862414090.0,15633515625.0,962213487.0,17476931.0,24181280762.0
2013-11-30,,,,,,,,,,,,,,,,,,,,,,,,,,,,,,,,,,,,,,,,,,,,,,,,,,,,,,,,,,,,,,,,,18918406070.0,19280001764.0,-361595694.0,38198407834.0,49347177442.0,12860783816.0,854977724.0,15694020.0,20150673508.0
2013-12-31,,,,,,,,,,,,,,,,,,,,,,,,,,,,,,,,,,,,,,,,,,,,,,,,,,,,,,,,,,,,,,,,,19537523486.0,18352387728.0,1185135758.0,37889911214.0,49314494441.0,12372382151.0,788852889.0,15073742.0,19156314359.0
2014-01-31,,,,,,,,,,,,,,,,,,,,,,,,,,,,,,,,,,,,,,,,,,,,,,,,,,,,,,,,,,,,,,,,,15741666773.0,20238121344.0,-4496454571.0,35979788117.0,40550951913.0,13660911301.0,897769976.0,17753758.0,21153645078.0
2014-02-28,,,,,,,,,,,,,,,,,,,,,,,,,,,,,,,,,,,,,,,,,,,,,,,,,,,,,,,,,,,,,,,,,15825850012.0,18190582391.0,-2364732379.0,34016432403.0,37568298342.0,12441821037.0,817051478.0,13635409.0,19021269278.0
2014-03-31,,,,,,,,,,,,,,,,,,,,,,,,,,,,,,,,,,,,,,,,,,,,,,,,,,,,,,,,,,,,,,,,,17467727891.0,17640547408.0,-172819517.0,35108275299.0,42242410602.0,10824189606.0,790731770.0,14832665.0,18446111843.0
2014-04-30,,,,,,,,,,,,,,,,,,,,,,,,,,,,,,,,,,,,,,,,,,,,,,,,,,,,,,,,,,,,,,,,,19577249934.0,19352300589.0,224949345.0,38929550523.0,45791735071.0,13952992911.0,859744787.0,16014011.0,20228059387.0
2014-05-31,,,,,,,,,,,,,,,,,,,,,,,,,,,,,,,,,,,,,,,,,,,,,,,,,,,,,,,,,,,,,,,,,20540376531.0,20229371571.0,311004960.0,40769748102.0,51636934945.0,15229084663.0,879122179.0,15522884.0,21124016634.0
2014-06-30,,,,,,,,,,,,,,,,,,,,,,,,,,,,,,,,,,,,,,,,,,,,,,,,,,,,,,,,,,,,,,,,,20288075461.0,18260985106.0,2027090355.0,38549060567.0,50689083807.0,12747273829.0,710119348.0,13043540.0,18984147994.0
2014-07-31,,,,,,,,,,,,,,,,,,,,,,,,,,,,,,,,,,,,,,,,,,,,,,,,,,,,,,,,,,,,,,,,,21921458082.0,21610393823.0,311064259.0,43531851905.0,54517371122.0,15766157059.0,877594524.0,15873823.0,22503862170.0
2014-08-31,,,,,,,,,,,,,,,,,,,,,,,,,,,,,,,,,,,,,,,,,,,,,,,,,,,,,,,,,,,,,,,,,19224653901.0,19437036957.0,-212383056.0,38661690858.0,49455120196.0,14269244664.0,786432636.0,14801731.0,20238271324.0
2014-09-30,,,,,,,,,,,,,,,,,,,,,,,,,,,,,,,,,,,,,,,,,,,,,,,,,,,,,,,,,,,,,,,,,19370174258.0,20722266356.0,-1352092098.0,40092440614.0,53234442514.0,14956665121.0,811991312.0,14677825.0,21548935493.0
2014-10-31,,,,,,,,,,,,,,,,,,,,,,,,,,,,,,,,,,,,,,,,,,,,,,,,,,,,,,,,,,,,,,,,,18169787901.0,19635310320.0,-1465522419.0,37805098221.0,51208869817.0,13649107252.0,831556122.0,15168773.0,20482035215.0
2014-11-30,,,,,,,,,,,,,,,,,,,,,,,,,,,,,,,,,,,,,,,,,,,,,,,,,,,,,,,,,,,,,,,,,15506384370.0,18191864947.0,-2685480577.0,33698249317.0,42559211484.0,13869510061.0,783406816.0,14130515.0,18989402278.0
2014-12-31,,,,,,,,,,,,,,,,,,,,,,,,,,,,,,,,,,,,,,,,,,,,,,,,,,,,,,,,,,,,,,,,,17289831724.0,17314237984.0,-24406260.0,34604069708.0,56941204399.0,13917942655.0,716080992.0,13296312.0,18043615288.0
2015-01-31,,,,,,,,,,,,,,,,,,,,,,,,,,,,,,,,,,,,,,,,,,,,,,,,,,,,,,,,,,,,,,,,,13481501333.0,17000888866.0,-3519387533.0,30482390199.0,42143540870.0,12664998934.0,737259972.0,12816389.0,17750965227.0
2015-02-28,,,,,,,,,,,,,,,,,,,,,,,,,,,,,,,,,,,,,,,,,,,,,,,,,,,,,,,,,,,,,,,,,12010576962.0,15063076630.0,-3052499668.0,27073653592.0,39022513728.0,12204506081.0,663563090.0,12186916.0,15738826636.0
2015-03-31,,,,,,,,,,,,,,,,,,,,,,,,,,,,,,,,,,,,,,,,,,,,,,,,,,,,,,,,,,,,,,,,,16748831110.0,16660194460.0,88636650.0,33409025570.0,52096165841.0,13365634087.0,728067282.0,13877005.0,17402138747.0
2015-04-30,,,,,,,,,,,,,,,,,,,,,,,,,,,,,,,,,,,,,,,,,,,,,,,,,,,,,,,,,,,,,,,,,14986768884.0,14799978318.0,186790566.0,29786747202.0,48806078612.0,12029407642.0,640415839.0,13018953.0,15453413110.0
2015-05-31,,,,,,,,,,,,,,,,,,,,,,,,,,,,,,,,,,,,,,,,,,,,,,,,,,,,,,,,,,,,,,,,,16625676410.0,14153162462.0,2472513948.0,30778838872.0,52436053239.0,12081159850.0,610897149.0,11615023.0,14775674634.0
2015-06-30,,,,,,,,,,,,,,,,,,,,,,,,,,,,,,,,,,,,,,,,,,,,,,,,,,,,,,,,,,,,,,,,,18746127441.0,15239765263.0,3506362178.0,33985892704.0,59123132953.0,13131696553.0,632321671.0,11764940.0,15883851874.0
2015-07-31,,,,,,,,,,,,,,,,,,,,,,,,,,,,,,,,,,,,,,,,,,,,,,,,,,,,,,,,,,,,,,,,,18334876601.0,16286388117.0,2048488484.0,34621264718.0,61334541816.0,13385774497.0,605690932.0,13076492.0,16905155541.0
2015-08-31,,,,,,,,,,,,,,,,,,,,,,,,,,,,,,,,,,,,,,,,,,,,,,,,,,,,,,,,,,,,,,,,,15320171814.0,12937800630.0,2382371184.0,28257972444.0,50251906150.0,9141042957.0,502137222.0,10698161.0,13450636013.0
2015-09-30,,,,,,,,,,,,,,,,,,,,,,,,,,,,,,,,,,,,,,,,,,,,,,,,,,,,,,,,,,,,,,,,,15467635572.0,13336913433.0,2130722139.0,28804549005.0,58646407173.0,11335804403.0,546630662.0,10089127.0,13893633222.0
2015-10-31,,,,,,,,,,,,,,,,,,,,,,,,,,,,,,,,,,,,,,,,,,,,,,,,,,,,,,,,,,,,,,,,,15762365201.0,14194772010.0,1567593191.0,29957137211.0,58479730576.0,13289292379.0,564091361.0,10396105.0,14769259476.0
2015-11-30,,,,,,,,,,,,,,,,,,,,,,,,,,,,,,,,,,,,,,,,,,,,,,,,,,,,,,,,,,,,,,,,,13603593709.0,12744978873.0,858614836.0,26348572582.0,49031011908.0,12960968046.0,549897199.0,10190113.0,13305066185.0
2015-12-31,,,,,,,,,,,,,,,,,,,,,,,,,,,,,,,,,,,,,,,,,,,,,,,,,,,,,,,,,,,,,,,,,15694230026.0,10686340015.0,5007890011.0,26380570041.0,64658255326.0,10880616653.0,436636822.0,8738628.0,11131715465.0
2016-01-31,,,,,,,,,,,,,,,,,,,,,,,,,,,,,,,,,,,,,,,,,,,,,,,,,,,,,,,,,,,,,,,,,11024617489.0,10455954695.0,568662794.0,21480572184.0,45144921379.0,9761700971.0,391769005.0,8490933.0,10856214633.0
2016-02-29,,,,,,,,,,,,,,,,,,,,,,,,,,,,,,,,,,,,,,,,,,,,,,,,,,,,,,,,,,,,,,,,,13103865483.0,10448566313.0,2655299170.0,23552431796.0,53061438312.0,10887058502.0,445956698.0,8030077.0,10902553088.0
2016-03-31,,,,,,,,,,,,,,,,,,,,,,,,,,,,,,,,,,,,,,,,,,,,,,,,,,,,,,,,,,,,,,,,,15845539947.0,11706198715.0,4139341232.0,27551738662.0,57435864660.0,12202174363.0,490255507.0,9652442.0,12206106664.0
2016-04-30,,,,,,,,,,,,,,,,,,,,,,,,,,,,,,,,,,,,,,,,,,,,,,,,,,,,,,,,,,,,,,,,,15082231392.0,10658991407.0,4423239985.0,25741222799.0,55021295650.0,11406122335.0,454694560.0,8400075.0,11122086042.0
2016-05-31,,,,,,,,,,,,,,,,,,,,,,,,,,,,,,,,,,,,,,,,,,,,,,,,,,,,,,,,,,,,,,,,,16596334743.0,11291198938.0,5305135805.0,27887533681.0,59838990190.0,11058687209.0,446469558.0,12169946.0,11749838442.0
2016-06-30,,,,,,,,,,,,,,,,,,,,,,,,,,,,,,,,,,,,,,,,,,,,,,,,,,,,,,,,,,,,,,,,,16602945756.0,12923892615.0,3679053141.0,29526838371.0,54353856383.0,12041648413.0,546081525.0,10432319.0,13480406459.0
2016-07-31,,,,,,,,,,,,,,,,,,,,,,,,,,,,,,,,,,,,,,,,,,,,,,,,,,,,,,,,,,,,,,,,,15142715725.0,11906417753.0,3236297972.0,27049133478.0,53620173215.0,11250327172.0,484597517.0,8944305.0,12399959575.0
2016-08-31,,,,,,,,,,,,,,,,,,,,,,,,,,,,,,,,,,,,,,,,,,,,,,,,,,,,,,,,,,,,,,,,,16863031142.0,13000671538.0,3862359604.0,29863702680.0,58627265778.0,12812609963.0,550825352.0,9956889.0,13561453779.0
2016-09-30,,,,,,,,,,,,,,,,,,,,,,,,,,,,,,,,,,,,,,,,,,,,,,,,,,,,,,,,,,,,,,,,,15684375284.0,12141043357.0,3543331927.0,27825418641.0,57941025589.0,12899762154.0,526875195.0,9227750.0,12677146302.0
2016-10-31,,,,,,,,,,,,,,,,,,,,,,,,,,,,,,,,,,,,,,,,,,,,,,,,,,,,,,,,,,,,,,,,,13594442203.0,11518693498.0,2075748705.0,25113135701.0,47783025855.0,10487351367.0,487947881.0,8639546.0,12015280925.0
2016-11-30,,,,,,,,,,,,,,,,,,,,,,,,,,,,,,,,,,,,,,,,,,,,,,,,,,,,,,,,,,,,,,,,,14212824778.0,11603000026.0,2609824752.0,25815824804.0,49556284913.0,11249076992.0,486877343.0,9252259.0,12099129628.0
2016-12-31,,,,,,,,,,,,,,,,,,,,,,,,,,,,,,,,,,,,,,,,,,,,,,,,,,,,,,,,,,,,,,,,,15773205272.0,11666728798.0,4106476474.0,27439934070.0,52507772993.0,12355821743.0,501703644.0,9266827.0,12177699269.0
2017-01-31,,,,,,,,,,,,,,,,,,,,,,,,,,,,,,,,,,,,,,,,,,,,,,,,,,,,,,,,,,,,,,,,,14827875770.0,12335328289.0,2492547481.0,27163204059.0,50494004049.0,12733070437.0,523776274.0,9965743.0,12869070306.0
2017-02-28,,,,,,,,,,,,,,,,,,,,,,,,,,,,,,,,,,,,,,,,,,,,,,,,,,,,,,,,,,,,,,,,,15275976600.0,11046775404.0,4229201196.0,26322752004.0,47005986505.0,11850354601.0,477255812.0,8243488.0,11532274704.0
2017-03-31,,,,,,,,,,,,,,,,,,,,,,,,,,,,,,,,,,,,,,,,,,,,,,,,,,,,,,,,,,,,,,,,,19854737707.0,13562894075.0,6291843632.0,33417631782.0,62107649300.0,13176710844.0,587032371.0,12423287.0,14162349733.0
2017-04-30,,,,,,,,,,,,,,,,,,,,,,,,,,,,,,,,,,,,,,,,,,,,,,,,,,,,,,,,,,,,,,,,,17484572350.0,11459643696.0,6024928654.0,28944216046.0,49065622549.0,10636756261.0,466670344.0,8860393.0,11935174433.0
2017-05-31,,,,,,,,,,,,,,,,,,,,,,,,,,,,,,,,,,,,,,,,,,,,,,,,,,,,,,,,,,,,,,,,,19726040175.0,12968955269.0,6757084906.0,32694995444.0,63906831504.0,11594735872.0,528133260.0,10122599.0,13507211128.0
2017-06-30,,,,,,,,,,,,,,,,,,,,,,,,,,,,,,,,,,,,,,,,,,,,,,,,,,,,,,,,,,,,,,,,,19535151809.0,13408998263.0,6126153546.0,32944150072.0,64068630530.0,13190158217.0,569551074.0,10008884.0,13988558221.0
2017-07-31,,,,,,,,,,,,,,,,,,,,,,,,,,,,,,,,,,,,,,,,,,,,,,,,,,,,,,,,,,,,,,,,,17658900096.0,13263065205.0,4395834891.0,30921965301.0,59371630075.0,12677443064.0,576841026.0,10037463.0,13849943694.0
2017-08-31,,,,,,,,,,,,,,,,,,,,,,,,,,,,,,,,,,,,,,,,,,,,,,,,,,,,,,,,,,,,,,,,,19336799997.0,14789290641.0,4547509356.0,34126090638.0,64485088996.0,13258081523.0,647647368.0,11803859.0,15448741868.0
2017-09-30,,,,,,,,,,,,,,,,,,,,,,,,,,,,,,,,,,,,,,,,,,,,,,,,,,,,,,,,,,,,,,,,,18533214138.0,14242528368.0,4290685770.0,32775742506.0,60456979611.0,12403342249.0,621380168.0,10519223.0,14874427759.0
2017-10-31,,,,,,,,,,,,,,,,,,,,,,,,,,,,,,,,,,,,,,,,,,,,,,,,,,,,,,,,,,,,,,,,,18694329848.0,14598898881.0,4095430967.0,33293228729.0,60901123027.0,11862917777.0,610749002.0,10630615.0,15220278498.0
2017-11-30,,,,,,,,,,,,,,,,,,,,,,,,,,,,,,,,,,,,,,,,,,,,,,,,,,,,,,,,,,,,,,,,,16584235219.0,13951600049.0,2632635170.0,30535835268.0,54907010851.0,11552356277.0,583313319.0,10553034.0,14545466402.0
2017-12-31,,,,,,,,,,,,,,,,,,,,,,,,,,,,,,,,,,,,,,,,,,,,,,,,,,,,,,,,,,,,,,,,,17476274644.0,13323465863.0,4152808781.0,30799740507.0,54972740218.0,12441477270.0,588232934.0,10036586.0,13921735383.0
2018-01-31,,,,,,,,,,,,,,,,,,,,,,,,,,,,,,,,,,,,,,,,,,,,,,,,,,,,,,,,,,,,,,,,,16769724658.0,15114215063.0,1655509595.0,31883939721.0,52908348793.0,12823570980.0,646707390.0,11098515.0,15772020968.0
2018-02-28,,,,,,,,,,,,,,,,,,,,,,,,,,,,,,,,,,,,,,,,,,,,,,,,,,,,,,,,,,,,,,,,,15801987736.0,13268767883.0,2533219853.0,29070755619.0,43195097447.0,10896802699.0,570665617.0,9949986.0,13849383486.0
2018-03-31,,,,,,,,,,,,,,,,,,,,,,,,,,,,,,,,,,,,,,,,,,,,,,,,,,,,,,,,,,,,,,,,,20228663646.0,14668560310.0,5560103336.0,34897223956.0,56673255483.0,11514281815.0,615726183.0,11974191.0,15296260684.0
2018-04-30,,,,,,,,,,,,,,,,,,,,,,,,,,,,,,,,,,,,,,,,,,,,,,,,,,,,,,,,,,,,,,,,,19678336251.0,14653559274.0,5024776977.0,34331895525.0,52477601795.0,11603715386.0,623784742.0,11502380.0,15288846396.0
2018-05-31,,,,,,,,,,,,,,,,,,,,,,,,,,,,,,,,,,,,,,,,,,,,,,,,,,,,,,,,,,,,,,,,,19271601072.0,14039984530.0,5231616542.0,33311585602.0,62136231569.0,11169647643.0,575598867.0,10802030.0,14626385427.0
2018-06-30,,,,,,,,,,,,,,,,,,,,,,,,,,,,,,,,,,,,,,,,,,,,,,,,,,,,,,,,,,,,,,,,,19830021392.0,15008152809.0,4821868583.0,34838174201.0,61917934640.0,11405695591.0,580593283.0,11410378.0,15600156470.0
2018-07-31,,,,,,,,,,,,,,,,,,,,,,,,,,,,,,,,,,,,,,,,,,,,,,,,,,,,,,,,,,,,,,,,,21055288607.0,17759842765.0,3295445842.0,38815131372.0,67807780415.0,13339030378.0,665232282.0,13936982.0,18439012029.0
2018-08-31,,,,,,,,,,,,,,,,,,,,,,,,,,,,,,,,,,,,,,,,,,,,,,,,,,,,,,,,,,,,,,,,,20084138252.0,19768276314.0,315861938.0,39852414566.0,63033824953.0,15683308626.0,676244484.0,12035641.0,20456556439.0
2018-09-30,,,,,,,,,,,,,,,,,,,,,,,,,,,,,,,,,,,,,,,,,,,,,,,,,,,,,,,,,,,,,,,,,19041023535.0,14948421194.0,4092602341.0,33989444729.0,59866224524.0,12749583216.0,593153658.0,10479797.0,15552054649.0
2018-10-31,,,,,,,,,,,,,,,,,,,,,,,,,,,,,,,,,,,,,,,,,,,,,,,,,,,,,,,,,,,,,,,,,21671364889.0,16921935159.0,4749429730.0,38593300048.0,66350372472.0,13692685548.0,650768368.0,11743732.0,17584447259.0
2018-11-30,,,,,,,,,,,,,,,,,,,,,,,,,,,,,,,,,,,,,,,,,,,,,,,,,,,,,,,,,,,,,,,,,19199739213.0,15529846968.0,3669892245.0,34729586181.0,59765394100.0,13144979815.0,619513435.0,11255040.0,16160615443.0
2018-12-31,,,,,,,,,,,,,,,,,,,,,,,,,,,,,,,,,,,,,,,,,,,,,,,,,,,,,,,,,,,,,,,,,19257634148.0,13640421233.0,5617212915.0,32898055381.0,59417918321.0,13369166570.0,564875708.0,9177889.0,14214474830.0
2019-01-31,,,,,,,,,,,,,,,,,,,,,,,,,,,,,,,,,,,,,,,,,,,,,,,,,,,,,,,,,,,,,,,,,16638094632.0,17453376542.0,-815281910.0,34091471174.0,56926304620.0,12993726456.0,603854368.0,10952239.0,18068183149.0
2019-02-28,,,,,,,,,,,,,,,,,,,,,,,,,,,,,,,,,,,,,,,,,,,,,,,,,,,,,,,,,,,,,,,,,15618080347.0,13566766788.0,2051313559.0,29184847135.0,50479134409.0,11478969624.0,546517308.0,9852648.0,14123136744.0
2019-03-31,,,,,,,,,,,,,,,,,,,,,,,,,,,,,,,,,,,,,,,,,,,,,,,,,,,,,,,,,,,,,,,,,17308721624.0,14066000746.0,3242720878.0,31374722370.0,47097552475.0,11431939832.0,546172610.0,10490626.0,14622663982.0
2019-04-30,,,,,,,,,,,,,,,,,,,,,,,,,,,,,,,,,,,,,,,,,,,,,,,,,,,,,,,,,,,,,,,,,19090646313.0,14664020352.0,4426625961.0,33754666665.0,46589197737.0,11253919701.0,564237014.0,10827901.0,15239085267.0
2019-05-31,,,,,,,,,,,,,,,,,,,,,,,,,,,,,,,,,,,,,,,,,,,,,,,,,,,,,,,,,,,,,,,,,20500498556.0,16130590785.0,4369907771.0,36631089341.0,58998018716.0,13088174635.0,605437523.0,11391009.0,16747419317.0
2019-06-30,,,,,,,,,,,,,,,,,,,,,,,,,,,,,,,,,,,,,,,,,,,,,,,,,,,,,,,,,,,,,,,,,18306721692.0,13944367799.0,4362353893.0,32251089491.0,55056424230.0,10953338814.0,512927402.0,10600534.0,14467895735.0
2019-07-31,,,,,,,,,,,,,,,,,,,,,,,,,,,,,,,,,,,,,,,,,,,,,,,,,,,,,,,,,,,,,,,,,19920683762.0,18032908964.0,1887774798.0,37953592726.0,64749805265.0,15220775592.0,631695812.0,11410295.0,18676015071.0
2019-08-31,,,,,,,,,,,,,,,,,,,,,,,,,,,,,,,,,,,,,,,,,,,,,,,,,,,,,,,,,,,,,,,,,19565551588.0,17603930758.0,1961620830.0,37169482346.0,63256116255.0,13933759377.0,669995737.0,15087123.0,18289013618.0
2019-09-30,,,,,,,,,,,,,,,,,,,,,,,,,,,,,,,,,,,,,,,,,,,,,,,,,,,,,,,,,,,,,,,,,18620814373.0,15362321786.0,3258492587.0,33983136159.0,61614187592.0,12969536424.0,592515397.0,10753854.0,15965591037.0
2019-10-31,,,,,,,,,,,,,,,,,,,,,,,,,,,,,,,,,,,,,,,,,,,,,,,,,,,,,,,,,,,,,,,,,19483912811.0,16987200927.0,2496711884.0,36471113738.0,64644667724.0,13895404196.0,662898683.0,12598622.0,17662698232.0
2019-11-30,,,,,,,,,,,,,,,,,,,,,,,,,,,,,,,,,,,,,,,,,,,,,,,,,,,,,,,,,,,,,,,,,17609813357.0,14868295894.0,2741517463.0,32478109251.0,54953249055.0,13310089917.0,589751017.0,10399354.0,15468446265.0
2019-12-31,,,,,,,,,,,,,,,,,,,,,,,,,,,,,,,,,,,,,,,,,,,,,,,,,,,,,,,,,,,,,,,,,18463268592.0,13248186239.0,5215082353.0,31711454831.0,53743393839.0,12875087827.0,573932762.0,9736620.0,13831855621.0
2020-01-31,,,,,,,,,,,,,,,,,,,,,,,,,,,,,,,,,,,,,,,,,,,,,,,,,,,,,,,,,,,,,,,,,14429715267.0,17190165488.0,-2760450221.0,31619880755.0,46718273016.0,12206525099.0,641249369.0,11309879.0,17842724736.0
2020-02-29,,,,,,,,,,,,,,,,,,,,,,,,,,,,,,,,,,,,,,,,,,,,,,,,,,,,,,,,,,,,,,,,,15356449520.0,13849450579.0,1506998941.0,29205900099.0,43930739973.0,10987648835.0,574605363.0,10217507.0,14434273449.0
2020-03-31,,,,,,,,,,,,,,,,,,,,,,,,,,,,,,,,,,,,,,,,,,,,,,,,,,,,,,,,,,,,,,,,,18312350349.0,14266744622.0,4045605727.0,32579094971.0,53436544555.0,12846278776.0,644972732.0,10103653.0,14921821007.0
2020-04-30,,,,,,,,,,,,,,,,,,,,,,,,,,,,,,,,,,,,,,,,,,,,,,,,,,,,,,,,,,,,,,,,,17593798650.0,11431019725.0,6162778925.0,29024818375.0,57512762338.0,12322663734.0,608031946.0,9068360.0,12048120031.0
2020-05-31,,,,,,,,,,,,,,,,,,,,,,,,,,,,,,,,,,,,,,,,,,,,,,,,,,,,,,,,,,,,,,,,,17519841090.0,10681945943.0,6837895147.0,28201787033.0,58376191041.0,11227644734.0,587657373.0,8032060.0,11277635376.0
2020-06-30,,,,,,,,,,,,,,,,,,,,,,,,,,,,,,,,,,,,,,,,,,,,,,,,,,,,,,,,,,,,,,,,,17478971342.0,10977106324.0,6501865018.0,28456077666.0,63843390897.0,11222057649.0,553399170.0,8379468.0,11538884962.0
2020-07-31,,,,,,,,,,,,,,,,,,,,,,,,,,,,,,,,,,,,,,,,,,,,,,,,,,,,,,,,,,,,,,,,,19416007176.0,11814764185.0,7601242991.0,31230771361.0,71482917960.0,10926569247.0,506067100.0,8696824.0,12329528109.0
2020-08-31,,,,,,,,,,,,,,,,,,,,,,,,,,,,,,,,,,,,,,,,,,,,,,,,,,,,,,,,,,,,,,,,,17403775488.0,11585200604.0,5818574884.0,28988976092.0,62959138217.0,10927114628.0,483149979.0,8665192.0,12077015775.0
2020-09-30,,,,,,,,,,,,,,,,,,,,,,,,,,,,,,,,,,,,,,,,,,,,,,,,,,,,,,,,,,,,,,,,,18223387712.0,13139951686.0,5083436026.0,31363339398.0,67381151109.0,12310892647.0,551099731.0,9455521.0,13700506938.0
2020-10-31,,,,,,,,,,,,,,,,,,,,,,,,,,,,,,,,,,,,,,,,,,,,,,,,,,,,,,,,,,,,,,,,,17649335596.0,13245304357.0,4404031239.0,30894639953.0,57991649032.0,12447483366.0,624622935.0,9594199.0,13879521491.0
2020-11-30,,,,,,,,,,,,,,,,,,,,,,,,,,,,,,,,,,,,,,,,,,,,,,,,,,,,,,,,,,,,,,,,,17344900538.0,14856582072.0,2488318466.0,32201482610.0,54752961279.0,13818142424.0,822163209.0,10980900.0,15689726181.0
2020-12-31,,,,,,,,,,,,,,,,,,,,,,,,,,,,,,,,,,,,,,,,,,,,,,,,,,,,,,,,,,,,,,,,,18451708927.0,15748589294.0,2703119633.0,34200298221.0,59060879256.0,12736846905.0,836059734.0,11808370.0,16596457398.0
2021-01-31,,,,,,,,,,,,,,,,,,,,,,,,,,,,,,,,,,,,,,,,,,,,,,,,,,,,,,,,,,,,,,,,,14947626003.0,15167392393.0,-219766390.0,30115018396.0,48543257939.0,13368077835.0,861899032.0,10814580.0,16040106005.0
2021-02-28,,,,,,,,,,,,,,,,,,,,,,,,,,,,,,,,,,,,,,,,,,,,,,,,,,,,,,,,,,,,,,,,,16375290870.0,14539172569.0,1836118301.0,30914463439.0,43511501931.0,13605387973.0,974020040.0,11018281.0,15524210890.0
2021-03-31,,,,,,,,,,,,,,,,,,,,,,,,,,,,,,,,,,,,,,,,,,,,,,,,,,,,,,,,,,,,,,,,,24335759852.0,17865278864.0,6470480988.0,42201038716.0,61521166691.0,14890217804.0,1250754306.0,12841964.0,19128875134.0
2021-04-30,,,,,,,,,,,,,,,,,,,,,,,,,,,,,,,,,,,,,,,,,,,,,,,,,,,,,,,,,,,,,,,,,26059431856.0,16096324095.0,9963107761.0,42155755951.0,62544376858.0,13657901095.0,1029022470.0,11438508.0,17136785073.0
2021-05-31,,,,,,,,,,,,,,,,,,,,,,,,,,,,,,,,,,,,,,,,,,,,,,,,,,,,,,,,,,,,,,,,,26200662606.0,17664681736.0,8535980870.0,43865344342.0,61415668511.0,14533347651.0,1133931495.0,12626080.0,18811239311.0
2021-06-30,,,,,,,,,,,,,,,,,,,,,,,,,,,,,,,,,,,,,,,,,,,,,,,,,,,,,,,,,,,,,,,,,28257895138.0,17843605079.0,10414290059.0,46101500217.0,67695860040.0,14985140683.0,1113520577.0,12567419.0,18969693075.0
2021-07-31,,,,,,,,,,,,,,,,,,,,,,,,,,,,,,,,,,,,,,,,,,,,,,,,,,,,,,,,,,,,,,,,,25508595503.0,18128645229.0,7379950274.0,43637240732.0,61324424851.0,14851657336.0,1151286139.0,13206458.0,19293137826.0
2021-08-31,,,,,,,,,,,,,,,,,,,,,,,,,,,,,,,,,,,,,,,,,,,,,,,,,,,,,,,,,,,,,,,,,27216375900.0,19557276638.0,7659099262.0,46773652538.0,66041443527.0,16445839307.0,1317462874.0,13846289.0,20888585801.0
2021-09-30,110979.0,106.489998,127.400002,255.0,5.4143,6.2785,4307.540039,14448.580078,33843.921875,1755.300049,75.029999,78.519997,1256.0,536.75,,,,,,,,,,,,,,,6.25,0.021182,0.021182,1.16,-0.64,1.2,96.95313,97.10569,5.4394,5.4388,4441056.0,1894119.0,2546936.0,2.34,1.43,3.01,21.42,368886.0,,,,,,,,,,,,,,,,,,,24376129510.0,19975447581.0,4400681929.0,44351577091.0,60106739045.0,15566378468.0,1441953867.0,15080886.0,21432482334.0
2021-10-31,103501.0,99.68,111.199997,283.0,5.6449,6.593,4605.379883,15498.389648,35819.558594,1783.0,83.57,84.379997,1235.75,568.25,-6.738212,-6.394964,-12.715859,10.980392,4.259089,5.009156,6.914384,7.265832,5.837493,1.578075,11.382115,7.463068,-1.612261,5.868654,7.75,0.024244,0.024244,1.25,0.64,1.16,97.47791,96.52863,5.643,5.6424,4511956.0,1910940.0,2601017.0,2.33,1.43,2.99,22.89,367927.0,0.541272,-0.59426,3.74306,3.743473,1.596467,0.888065,2.123375,-0.259972,,,,1.5,0.003062,0.003062,-0.01,0.0,-0.02,1.47,22602637234.0,20538918428.0,2063718806.0,43141555662.0,55724937094.0,16101983772.0,1514722144.0,14500794.0,22068141366.0
2021-11-30,101915.0,98.349998,108.800003,280.549988,5.6007,6.3223,4567.0,15537.69043,34483.71875,1773.599976,66.18,70.57,1217.25,567.0,-1.532352,-1.334271,-2.158268,-0.865729,-0.783007,-4.10587,-0.833371,0.25358,-3.729359,-0.527203,-20.808902,-16.366435,-1.497067,-0.219974,7.75,0.029256,0.029256,0.95,0.02,0.84,99.05295,97.85433,5.6199,5.6193,4597507.0,1933111.0,2664395.0,2.36,1.46,3.01,23.91,367772.0,1.615792,1.373375,-0.409357,-0.4094,1.896096,1.160214,2.436662,-0.042128,,,,0.0,0.005012,0.005012,0.03,0.03,0.02,1.02,20501766210.0,21611840519.0,-1110074309.0,42113606729.0,51030639756.0,16710687536.0,1674739026.0,14802736.0,23301382281.0
2021-12-31,104822.0,100.800003,113.300003,293.559998,5.5702,6.3049,4766.180176,15644.969727,36338.300781,1827.5,75.209999,77.779999,1328.75,593.25,2.852377,2.491108,4.136029,4.637323,-0.544574,-0.275213,4.361291,0.690446,5.378138,3.039018,13.644604,10.216805,9.159992,4.62963,9.25,0.033316,0.033316,0.73,0.87,0.73,99.36759,99.32245,5.5805,5.5799,4682852.0,1974391.0,2708461.0,2.35,1.4,3.05,24.21,362204.0,0.317648,1.500312,-0.70108,-0.701155,1.856332,2.135418,1.653884,-1.513981,,,,1.5,0.00406,0.00406,-0.01,-0.06,0.04,0.3,24432406778.0,20419466049.0,4012940729.0,44851872827.0,60927149553.0,13694107080.0,1661918551.0,14421539.0,22095806139.0
2022-01-31,112388.0,107.980003,117.0,260.399994,5.3626,5.9782,4515.549805,14239.879883,35131.859375,1795.0,88.150002,91.209999,1490.5,626.0,7.21795,7.123016,3.265664,-11.295818,-3.726978,-5.181687,-5.258517,-8.981097,-3.320027,-1.778386,17.205162,17.26665,12.173095,5.520438,9.25,0.034749,0.034749,0.54,1.82,0.67,97.41759,91.67452,5.3574,5.3568,4682131.0,1947035.0,2735096.0,2.51,1.46,3.26,25.23,358398.0,-1.96241,-7.700102,-3.99785,-3.99828,-0.015397,-1.385541,0.9834,-1.050789,,,,0.0,0.001433,0.001433,0.16,0.06,0.21,1.02,19779928894.0,19839036895.0,-59108001.0,39618965789.0,48281053441.0,13967568680.0,1609429401.0,14118915.0,21462585211.0
2022-02-28,113142.0,108.900002,111.040001,245.5,5.1594,5.814,4373.939941,13751.400391,33892.601562,1899.400024,95.720001,100.989998,1644.25,697.5,0.67089,0.852008,-5.094016,-5.721964,-3.789204,-2.746643,-3.136049,-3.430362,-3.527447,5.816157,8.587634,10.722507,10.31533,11.421725,10.75,0.039598,0.039598,1.01,1.83,1.0,98.48287,95.64045,5.1394,5.1388,4727818.0,1971524.0,2756295.0,2.57,1.44,3.38,25.63,357740.0,1.093519,4.326098,-4.069138,-4.069594,0.975774,1.257759,0.775073,-0.183595,,,,1.5,0.004849,0.004849,0.06,-0.02,0.12,0.4,23513305117.0,18884032639.0,4629272478.0,42397337756.0,45888250205.0,12462239195.0,1520650424.0,14411265.0,20419094328.0
2022-03-31,119999.0,115.599998,120.940002,235.649994,4.7697,5.3198,4530.410156,14220.519531,34678.351562,1949.199951,100.279999,107.910004,1618.25,748.75,6.060526,6.152431,8.915707,-4.012222,-7.553203,-8.500176,3.577329,3.411428,2.318353,2.621877,4.763892,6.852169,-1.581268,7.34767,11.75,0.041954,0.041954,1.62,1.74,1.71,99.54331,104.53224,4.7378,4.7372,4794583.0,1994119.0,2800464.0,2.66,1.55,3.45,26.54,353169.0,1.076776,9.297102,-7.814142,-7.815054,1.412174,1.146068,1.602477,-1.277744,,,,1.0,0.002356,0.002356,0.09,0.11,0.07,0.91,29422320196.0,21809139241.0,7613180955.0,51231459437.0,60934551466.0,13475208427.0,1668966594.0,14720081.0,23492825916.0
2022-04-30,107876.0,103.400002,110.599998,224.100006,4.9378,5.1837,4131.930176,12334.639648,32977.210938,1909.300049,104.690002,109.339996,1708.25,818.25,-10.102584,-10.553631,-8.549697,-4.901332,3.524328,-2.558363,-8.795671,-13.261681,-4.905483,-2.046989,4.39769,1.325172,5.561563,9.282137,11.75,0.043739,0.043739,1.06,1.41,1.04,99.44726,100.22451,4.9191,4.9185,4833732.0,2003312.0,2830420.0,2.72,1.57,3.54,27.46,345097.0,-0.096491,-4.120958,3.826671,3.827155,0.816526,0.461006,1.06968,-2.285591,,,,0.0,0.001785,0.001785,0.06,0.02,0.09,0.92,28969694687.0,20742942801.0,8226751886.0,49712637488.0,55211251934.0,13563809450.0,1420760543.0,13960529.0,22177663873.0
2022-05-31,111351.0,107.18,109.300003,214.5,4.7524,5.1176,4132.149902,12081.389648,32990.121094,1842.699951,114.669998,122.839996,1683.25,753.5,3.221291,3.655705,-1.175403,-4.283804,-3.754709,-1.275153,0.005318,-2.053161,0.039149,-3.488194,9.532902,12.346809,-1.463486,-7.913229,12.75,0.046796,0.046796,0.47,0.52,0.45,99.65249,99.74639,4.7289,4.7283,4889397.0,2013726.0,2875671.0,2.79,1.57,3.65,27.42,346415.0,0.206371,-0.477049,-3.866561,-3.867033,1.151595,0.519839,1.598738,0.381922,,,,1.0,0.003057,0.003057,0.07,0.0,0.11,-0.04,29642851197.0,24685194348.0,4957656849.0,54328045545.0,55760649350.0,16018374427.0,1624398881.0,18436674.0,26328029903.0
2022-06-30,98542.0,95.0,91.330002,216.699997,5.1809,5.4098,3785.379883,11028.740234,30775.429688,1804.099976,105.760002,114.809998,1675.0,743.75,-11.503264,-11.364061,-16.440989,1.02564,9.016501,5.709709,-8.392,-8.712983,-6.713196,-2.094751,-7.77012,-6.536958,-0.490123,-1.293962,13.25,0.048116,0.048116,0.67,0.59,0.62,99.53078,99.32053,5.238,5.2374,4965603.0,2052569.0,2913035.0,2.73,1.52,3.57,27.88,341958.0,-0.122134,-0.426943,10.765717,10.767083,1.558597,1.928912,1.299314,-1.286607,,,,0.5,0.00132,0.00132,-0.06,-0.05,-0.08,0.46,32742194543.0,23852259120.0,8889935423.0,56594453663.0,64311278752.0,15593453730.0,1577855254.0,19802883.0,25449917257.0
2022-07-31,103165.0,99.300003,95.650002,234.5,5.1827,5.2797,4130.290039,12390.69043,32845.128906,1762.900024,98.620003,110.010002,1637.0,616.25,4.691401,4.526319,4.730099,8.214122,0.034744,-2.404899,9.111639,12.3491,6.725168,-2.283684,-6.751134,-4.180817,-2.268657,-17.142857,13.25,0.049037,0.049037,-0.68,0.21,-0.6,101.43252,103.95413,5.1884,5.1878,4999244.0,2047038.0,2952207.0,2.84,1.6,3.71,29.24,346403.0,1.910705,4.665299,-0.946926,-0.947035,0.677481,-0.269467,1.344714,1.299867,,,,0.0,0.000921,0.000921,0.11,0.08,0.14,1.36,29844324640.0,24487010025.0,5357314615.0,54331334665.0,63821784534.0,16170536729.0,1633257157.0,20943002.0,26141210184.0
2022-08-31,109523.0,105.830002,106.800003,226.0,5.1219,5.1318,3955.0,11816.200195,31510.429688,1712.800049,89.550003,96.489998,1507.5,673.75,6.162943,6.576031,11.657085,-3.624733,-1.173135,-2.801289,-4.244013,-4.636467,-4.063614,-2.841907,-9.196917,-12.289795,-7.910812,9.330629,13.75,0.05056,0.05056,-0.36,-0.7,-0.31,101.09886,104.51426,5.179,5.1784,5072711.0,2064183.0,3008528.0,2.9,1.62,3.78,28.6,339664.0,-0.328948,0.538824,-0.181173,-0.181194,1.469562,0.837552,1.907759,-1.945422,8.727061,8.58755,8.825751,0.5,0.001523,0.001523,0.06,0.02,0.07,-0.64,30786908834.0,26680226835.0,4106681999.0,57467135669.0,92198087959.0,15482883703.0,1869398635.0,21512366.0,28571137836.0
2022-09-30,110037.0,106.459999,105.440002,213.5,5.3962,5.3031,3585.620117,10575.620117,28725.509766,1662.400024,79.489998,87.959999,1364.75,677.5,0.469308,0.595292,-1.273409,-5.530973,5.355436,3.338009,-9.339567,-10.498976,-8.838089,-2.942552,-11.233953,-8.840293,-9.46932,0.556586,13.75,0.050788,0.050788,-0.29,-0.95,-0.32,101.15209,101.19157,5.4066,5.406,5164775.0,2109806.0,3054969.0,2.92,1.65,3.8,28.57,327580.0,0.052651,-3.179174,4.394671,4.39518,1.814888,2.210221,1.543645,-3.557633,7.168596,8.24876,7.191214,0.0,0.000228,0.000228,0.02,0.03,0.02,-0.03,28587334142.0,24892711361.0,3694622781.0,53480045503.0,68782856185.0,14890498962.0,1808661037.0,19774396.0,26721146794.0
2022-10-31,116037.0,112.150002,112.5,220.240005,5.2885,5.2737,3871.97998,10988.150391,32732.949219,1635.900024,86.529999,94.830002,1407.0,691.5,5.452711,5.344733,6.695749,3.156911,-1.995855,-0.55439,7.986341,3.900767,13.950804,-1.594081,8.856461,7.810372,3.095805,2.066421,13.75,0.050788,0.050788,0.59,-0.97,0.47,101.43094,100.07474,5.257,5.2564,5215990.0,2105856.0,3110134.0,3.04,1.77,3.89,29.68,325546.0,0.275674,-1.103679,-2.766988,-2.767296,0.991621,-0.187221,1.805747,-0.620917,6.470016,6.517038,6.460076,0.0,0.0,0.0,0.12,0.12,0.09,1.11,26852476461.0,23477105126.0,3375371335.0,50329581587.0,59650600391.0,13936769136.0,1714180853.0,19596751.0,25210882730.0
2022-11-30,112486.0,108.580002,99.980003,233.25,5.2682,5.4362,4080.110107,11468.0,34589.769531,1746.0,80.550003,85.43,1469.5,662.0,-3.060231,-3.183236,-11.128886,5.90719,-0.38385,3.081326,5.375289,4.366973,5.672634,6.730239,-6.910893,-9.912476,4.442075,-4.266088,13.75,0.050788,0.050788,0.41,-0.56,0.38,100.7113,99.15328,5.2941,5.2935,5285657.0,2130312.0,3155345.0,3.07,1.81,3.92,30.52,331505.0,-0.709488,-0.920772,0.705726,0.705806,1.335643,1.161333,1.453667,1.830463,5.900488,5.899363,5.974439,0.0,0.0,0.0,0.03,0.04,0.03,0.84,27652303451.0,21451985909.0,6200317542.0,49104289360.0,62853799673.0,12473038085.0,1513368353.0,20140466.0,22985494728.0
2022-12-31,110031.0,105.949997,96.519997,225.0,5.2846,5.633,3839.5,10466.480469,33147.25,1819.699951,80.260002,85.910004,1519.25,678.5,-2.182494,-2.422182,-3.460699,-3.536977,0.311299,3.620171,-5.897147,-8.733166,-4.170365,4.221074,-0.360026,0.561867,3.385505,2.492447,13.75,0.050788,0.050788,0.62,0.45,0.69,100.58566,99.97339,5.2177,5.2171,5366069.0,2178236.0,3187833.0,3.07,1.8,3.94,29.64,324703.0,-0.124753,0.827113,-1.443116,-1.443279,1.521325,2.249624,1.029618,-2.051854,5.784842,5.458422,5.932356,0.0,-0.0,-0.0,0.0,-0.01,0.02,-0.88,26342396058.0,21809042646.0,4533353412.0,48151438704.0,62953853414.0,15450491904.0,1458559165.0,16957586.0,23284559397.0
2023-01-31,113532.0,109.839996,99.440002,228.199997,5.1149,5.5471,4076.600098,11584.549805,34086.039062,1929.5,78.870003,84.489998,1538.0,679.75,3.181831,3.671543,3.025286,1.422221,-3.211211,-1.524939,6.175286,10.682381,2.832178,6.033964,-1.731871,-1.652899,1.234162,0.18423,13.75,0.050788,0.050788,0.53,0.21,0.46,100.10937,95.09373,5.0993,5.0987,5373231.0,2151399.0,3221831.0,3.24,1.94,4.11,30.54,331122.0,-0.473517,-4.880959,-2.269199,-2.26946,0.133468,-1.232052,1.066493,1.976883,5.77432,3.79089,5.711379,0.0,0.0,0.0,0.17,0.14,0.17,0.9,22796014477.0,20511168894.0,2284845583.0,43307183371.0,52369714491.0,13215465869.0,1222052233.0,15415419.0,21748636546.0
2023-02-28,104932.0,101.150002,88.360001,229.300003,5.1997,5.514,3970.149902,11455.540039,32656.699219,1828.900024,77.050003,83.889999,1490.5,629.5,-7.574957,-7.911503,-11.142399,0.482036,1.657897,-0.59671,-2.611249,-1.113636,-4.193329,-5.213785,-2.307594,-0.710141,-3.088427,-7.392424,13.75,0.050788,0.050788,0.84,-0.06,0.77,103.08344,98.65015,5.2078,5.2072,5370950.0,2136105.0,3234845.0,3.36,2.17,4.16,30.48,328098.0,2.970821,3.73991,2.127743,2.127993,-0.042451,-0.710886,0.403932,-0.913259,5.596302,1.864495,5.47065,0.0,0.0,0.0,0.12,0.23,0.05,-0.06,20241628657.0,17669835440.0,2571793217.0,37911464097.0,45431198276.0,11878077346.0,952144286.0,12984997.0,18634964723.0
2023-03-31,101882.0,98.489998,87.82,229.75,5.0927,5.5518,4109.310059,12221.910156,33274.148438,1969.0,75.669998,79.769997,1505.5,660.5,-2.906644,-2.629761,-0.611137,0.196248,-2.057809,0.685525,3.505161,6.689952,1.890728,7.660341,-1.791051,-4.911197,1.006374,4.924543,13.75,0.050788,0.050788,0.71,0.05,0.64,103.08526,110.62045,5.0804,5.0798,5424811.0,2154900.0,3269910.0,3.35,2.2,4.11,30.99,341158.0,0.001766,12.134092,-2.446331,-2.446612,1.002821,0.879872,1.083978,3.980518,4.650694,0.172427,4.361088,0.0,0.0,0.0,-0.01,0.03,-0.05,0.51,32822911866.0,22071631023.0,10751280843.0,54894542889.0,68600056223.0,14277808043.0,1091001488.0,17049431.0,23179681942.0
2023-04-30,104432.0,100.900002,89.0,229.75,4.9762,5.4883,4169.47998,12226.580078,34098.160156,1990.099976,76.779999,79.540001,1444.25,636.0,2.502896,2.446953,1.343658,0.0,-2.287586,-1.143772,1.464234,0.038209,2.476432,1.071609,1.466897,-0.288324,-4.068416,-3.709311,13.75,0.050788,0.050788,0.61,-0.95,0.53,103.96006,104.03539,5.0007,5.0001,5426307.0,2145000.0,3281308.0,3.54,2.45,4.26,31.62,345725.0,0.848618,-5.952841,-1.568774,-1.568959,0.027577,-0.459418,0.348572,1.338676,4.184706,-2.158772,3.834324,0.0,0.0,0.0,0.19,0.25,0.15,0.63,27100302410.0,19145984913.0,7954317497.0,46246287323.0,57234291892.0,13202287800.0,947330419.0,13806307.0,20107121639.0
2023-05-31,108335.0,104.839996,100.5,233.25,5.0348,5.4012,4179.830078,12935.290039,32908.269531,1963.900024,68.089996,72.660004,1299.75,594.0,3.73736,3.904851,12.921348,1.523395,1.177604,-1.587013,0.248235,5.796469,-3.489604,-1.316514,-11.318055,-8.649732,-10.005193,-6.603774,13.75,0.050788,0.050788,0.23,-1.84,0.36,102.40467,102.71665,5.0959,5.0953,5453708.0,2145530.0,3308178.0,3.65,2.58,4.35,31.63,343489.0,-1.496142,-1.267588,1.903733,1.903962,0.504966,0.024709,0.818881,-0.646757,3.935832,-4.45588,3.741292,0.0,-0.0,-0.0,0.11,0.13,0.09,0.01,32666140787.0,21688303202.0,10977837585.0,54354443989.0,75295574509.0,15461491701.0,1061426829.0,17627995.0,22767358026.0
2023-06-30,118087.0,114.169998,109.5,235.25,4.8556,5.2739,4450.379883,13787.919922,34407.601562,1921.099976,70.639999,74.900002,1557.25,554.5,9.001708,8.899277,8.955224,0.857449,-3.559231,-2.35688,6.472746,6.591502,4.556095,-2.179339,3.745048,3.082849,19.811502,-6.649832,13.75,0.050788,0.050788,-0.08,-1.93,-0.1,102.4398,102.285,4.8192,4.8186,5479459.0,2169613.0,3309846.0,3.61,2.63,4.25,30.85,343620.0,0.034305,-0.420234,-5.429855,-5.430495,0.472174,1.122473,0.050421,0.038138,3.161501,-6.84947,2.998957,0.0,0.0,0.0,-0.04,0.05,-0.1,-0.78,29600309149.0,19523548217.0,10076760932.0,49123857366.0,70157851618.0,13612886762.0,916989430.0,14846203.0,20455383850.0
2023-07-31,121943.0,117.949997,112.900002,239.820007,4.7233,5.1895,4588.959961,14346.019531,35559.53125,1970.5,81.800003,85.559998,1445.75,504.0,3.265389,3.310851,3.105024,1.942617,-2.724687,-1.600337,3.113893,4.047743,3.347893,2.571445,15.79842,14.232304,-7.160058,-9.107304,13.75,0.050788,0.050788,0.12,-0.72,-0.09,102.89895,105.33914,4.7415,4.7409,5484871.0,2153541.0,3331330.0,3.63,2.73,4.22,30.43,345476.0,0.448214,2.985912,-1.612301,-1.612502,0.098769,-0.740777,0.649094,0.540132,3.992444,-7.713954,3.527423,0.0,0.0,0.0,0.02,0.1,-0.03,-0.42,28300073730.0,20121012529.0,8179061201.0,48421086259.0,69054203646.0,15160708508.0,918041534.0,13998904.0,21053052967.0
2023-08-31,115742.0,112.309998,104.199997,247.649994,4.8884,5.313,4507.660156,14034.969727,34721.910156,1938.199951,83.629997,86.860001,1360.0,461.0,-5.085163,-4.781687,-7.705938,3.264943,3.49544,2.379812,-1.771639,-2.168196,-2.355546,-1.63918,2.237157,1.519405,-5.931178,-8.531746,13.25,0.049189,0.049189,0.23,-0.14,0.2,102.48797,106.05945,4.9219,4.9213,5559063.0,2172658.0,3386405.0,3.61,2.82,4.12,29.92,344177.0,-0.399402,0.683801,3.804703,3.805185,1.352666,0.887701,1.653244,-0.376003,4.608216,-7.193509,4.057054,-0.5,-0.001599,-0.001599,-0.02,0.09,-0.1,-0.51,31101089774.0,21468484469.0,9632605305.0,52569574243.0,79742258398.0,15078065196.0,955461489.0,15448604.0,22439394562.0
2023-09-30,116565.0,113.150002,101.639999,238.789993,5.0328,5.3197,4288.049805,13219.320312,33507.5,1848.099976,90.790001,95.309998,1275.0,476.75,0.711064,0.747933,-2.456812,-3.57763,2.953934,0.126098,-4.871937,-5.811551,-3.497533,-4.648642,8.561526,9.728295,-6.25,3.416486,12.75,0.048422,0.048422,0.26,0.37,0.11,102.50227,101.76242,5.0076,5.007,5625945.0,2215175.0,3410769.0,3.54,2.82,4.0,29.66,340324.0,0.013953,-4.05153,1.741198,1.74141,1.203116,1.956912,0.719465,-1.119482,5.185235,-5.956714,4.505936,-0.5,-0.000768,-0.000768,-0.07,0.0,-0.12,-0.26,28713085056.0,19531513320.0,9181571736.0,48244598376.0,73545063439.0,14189698881.0,895797382.0,13894064.0,20441204766.0
2023-10-31,113144.0,109.620003,94.199997,234.0,5.0461,5.3537,4193.799805,12851.240234,33052.871094,1985.199951,81.019997,87.410004,1287.0,478.75,-2.934843,-3.119751,-7.319955,-2.005944,0.264265,0.639141,-2.197969,-2.78441,-1.356797,7.418429,-10.761102,-8.288736,0.941176,0.419507,12.75,0.047279,0.047279,0.24,0.5,0.12,102.83037,101.92849,5.0575,5.0569,5653808.0,2204808.0,3449000.0,3.56,2.92,3.97,29.24,340247.0,0.32009,0.163194,0.996485,0.996605,0.495259,-0.467999,1.120891,-0.022625,4.819246,-4.560737,4.141877,0.0,-0.001143,-0.001143,0.02,0.1,-0.03,-0.42,29681867318.0,20500945877.0,9180921441.0,50182813195.0,70574329374.0,15766463381.0,913552742.0,16645109.0,21431143728.0
2023-11-30,127331.0,123.57,106.349998,249.699997,4.9041,5.3628,4567.799805,14226.219727,35950.890625,2038.099976,75.959999,82.830002,1342.75,461.75,12.538888,12.725777,12.898091,6.7094,-2.814058,0.169975,8.917927,10.699197,8.76783,2.66472,-6.245369,-5.239677,4.331779,-3.550914,12.25,0.045601,0.045601,0.28,0.59,0.1,103.58799,101.68208,4.9355,4.9349,5711103.0,2220766.0,3490337.0,3.53,2.99,3.88,29.01,348406.0,0.736767,-0.241748,-2.412259,-2.412545,1.013388,0.723782,1.198521,2.397964,4.683537,-3.457004,3.851383,-0.5,-0.001678,-0.001678,-0.03,0.07,-0.09,-0.23,27886116219.0,19097348843.0,8788767376.0,46983465062.0,66872138571.0,13477320531.0,882775780.0,19495194.0,19999619817.0
2023-12-31,134185.0,130.389999,113.199997,257.609985,4.8502,5.343,4769.830078,15011.349609,37689.539062,2062.399902,71.650002,77.040001,1293.5,471.25,5.382821,5.519139,6.440995,3.167797,-1.099076,-0.369214,4.422923,5.518893,4.836176,1.192283,-5.674036,-6.990222,-3.667846,2.05739,11.75,0.044537,0.044537,0.56,0.74,0.55,104.88262,101.68652,4.8413,4.8407,5805157.0,2283485.0,3521672.0,3.29,2.59,3.75,28.14,355034.0,1.249788,0.004367,-1.908621,-1.908853,1.646862,2.824206,0.897764,1.902378,4.621114,-3.178284,3.706988,-0.5,-0.001064,-0.001064,-0.24,-0.4,-0.13,-0.87,28786226565.0,19463062497.0,9323164068.0,48249289062.0,73099540631.0,14032438972.0,974742618.0,15092459.0,20452897574.0
2024-01-31,127752.0,123.949997,106.370003,266.619995,4.9503,5.3604,4845.649902,15164.009766,38150.300781,2048.399902,75.849998,81.709999,1222.25,448.25,-4.794128,-4.939031,-6.033564,3.497539,2.063833,0.325665,1.589571,1.016965,1.222519,-0.678821,5.861824,6.061784,-5.508311,-4.880637,11.75,0.043739,0.043739,0.42,0.07,0.57,104.47589,99.29136,4.9535,4.9529,5794707.0,2234362.0,3560345.0,3.38,2.77,3.76,28.0,355066.0,-0.387795,-2.355435,2.317559,2.317847,-0.180012,-2.151229,1.098143,0.009013,4.506637,-3.31355,3.820543,0.0,-0.000798,-0.000798,0.09,0.18,0.01,-0.14,26702655353.0,20506556064.0,6196099289.0,47209211417.0,63927680499.0,14271017741.0,1025866441.0,15449621.0,21547872126.0
2024-02-29,129020.0,125.25,106.5,281.100006,4.9673,5.381,5096.27002,16091.919922,38996.390625,2045.699951,78.260002,83.620003,1128.25,415.75,0.992548,1.048812,0.122212,5.430955,0.343408,0.384297,5.172064,6.119161,2.21778,-0.131808,3.177329,2.33754,-7.690734,-7.250418,11.25,0.041957,0.041957,0.83,-0.52,0.81,104.67291,102.15158,4.9833,4.9827,5815954.0,2235302.0,3580652.0,3.38,2.76,3.76,27.85,352705.0,0.188579,2.880633,0.601595,0.601668,0.366662,0.04207,0.570366,-0.664947,4.496274,-3.758575,3.861754,-0.5,-0.001782,-0.001782,0.0,-0.01,0.0,-0.15,23348254025.0,18217925231.0,5130328794.0,41566179256.0,56494095981.0,11934058507.0,883118978.0,13689614.0,19114733823.0
2024-03-31,128106.0,124.330002,109.0,292.600006,5.0141,5.4065,5254.350098,16379.459961,39807.371094,2217.399902,83.169998,87.480003,1191.5,442.0,-0.708417,-0.734529,2.347418,4.091071,0.942164,0.473886,3.101878,1.78686,2.07963,8.393213,6.273953,4.616121,5.606027,6.313891,10.75,0.04142,0.04142,0.16,-0.47,0.19,104.68779,109.57244,4.9962,4.9956,5899742.0,2285775.0,3613967.0,3.33,2.71,3.71,28.14,355008.0,0.014216,7.264557,0.258865,0.258896,1.440658,2.257995,0.930417,0.652954,3.925596,-4.25878,3.397348,-0.5,-0.000537,-0.000537,-0.05,-0.05,-0.05,0.29,27657419417.0,20490209586.0,7167209831.0,48147629003.0,62797558497.0,14131530601.0,990317204.0,14993932.0,21495520722.0
2024-04-30,125924.0,122.379997,100.5,291.0,5.117,5.4794,5035.689941,15657.820312,37815.921875,2291.399902,81.93,87.860001,1145.5,439.5,-1.703277,-1.56841,-7.798165,-0.546824,2.052213,1.348382,-4.161507,-4.40576,-5.002715,3.337242,-1.49092,0.434382,-3.86068,-0.565611,10.75,0.040168,0.040168,0.38,0.31,0.37,104.6751,109.25226,5.1718,5.1712,5915538.0,2268879.0,3646659.0,3.37,2.76,3.75,27.86,351599.0,-0.012122,-0.292209,3.514671,3.515093,0.267741,-0.73918,0.904602,-0.96026,3.688016,-3.040871,3.232784,0.0,-0.001252,-0.001252,0.04,0.05,0.04,-0.28,30327524963.0,21896365060.0,8431159903.0,52223890023.0,69169625053.0,14996217579.0,1066896699.0,16043974.0,22979305733.0
2024-05-31,122098.0,118.660004,96.870003,308.200012,5.2021,5.6311,5277.509766,16735.019531,38686.320312,2322.899902,76.989998,81.620003,1205.0,446.25,-3.038341,-3.039707,-3.611938,5.910657,1.663078,2.768552,4.802119,6.879624,2.301672,1.374705,-6.02954,-7.102206,5.194238,1.535836,10.5,0.039484,0.039484,0.46,0.89,0.46,105.5521,104.71219,5.2416,5.241,5953960.0,2278309.0,3675652.0,3.43,2.8,3.82,27.75,355560.0,0.837831,-4.155585,1.349627,1.349783,0.64951,0.415624,0.795057,1.126567,3.925952,-0.344269,3.335647,-0.25,-0.000684,-0.000684,0.06,0.04,0.07,-0.11,30190264650.0,21888476596.0,8301788054.0,52078741246.0,70483611654.0,15314763004.0,1072902351.0,19379485.0,22980758432.0
2024-06-30,123907.0,120.379997,96.449997,339.829987,5.5005,5.8909,5460.47998,17732.599609,39118.859375,2327.699951,81.540001,86.410004,1150.5,397.25,1.481597,1.449514,-0.433577,10.262808,5.736153,4.613663,3.46698,5.961033,1.118067,0.20664,5.909863,5.868661,-4.522822,-10.980392,10.5,0.03927,0.03927,0.21,0.81,0.25,106.65779,105.87342,5.5589,5.5583,6041898.0,2336858.0,3705041.0,3.29,2.64,3.71,27.81,357827.0,1.04753,1.108973,6.053495,6.054188,1.476967,2.569845,0.799559,0.637586,4.227578,2.440035,3.697684,0.0,-0.000214,-0.000214,-0.14,-0.16,-0.11,0.06,28731639979.0,22403501244.0,6328138735.0,51135141223.0,70342372003.0,15987102494.0,1190733148.0,19940111.0,23614174503.0
2024-07-31,127652.0,124.040001,98.5,347.700012,5.6111,6.0695,5522.299805,17599.400391,40842.789062,2426.5,77.910004,80.720001,1028.5,382.75,3.022428,3.040375,2.125457,2.315871,2.010726,3.031792,1.132132,-0.751154,4.406902,4.244535,-4.451799,-6.584889,-10.604085,-3.650094,10.5,0.03927,0.03927,0.38,0.61,0.26,107.01873,111.50432,5.6621,5.6615,6069205.0,2323362.0,3745844.0,3.3,2.52,3.78,27.74,363282.0,0.338409,5.318521,1.856482,1.856683,0.451961,-0.577528,1.101283,1.52448,4.498245,3.812368,4.060953,0.0,0.0,0.0,0.01,-0.12,0.07,-0.07,30841394890.0,23289908259.0,7551486631.0,54131303149.0,78899001110.0,16852324457.0,1320692668.0,21009645.0,24631610572.0
2024-08-31,136004.0,132.600006,102.769997,354.850006,5.6277,6.2224,5648.399902,17713.619141,41563.078125,2493.800049,73.550003,78.800003,982.0,378.0,6.542788,6.901004,4.335022,2.056369,0.295836,2.519157,2.283471,0.648992,1.763565,2.773544,-5.596201,-2.37859,-4.521147,-1.241019,10.5,0.03927,0.03927,-0.02,0.29,-0.14,107.16697,110.06264,5.6562,5.6556,6135298.0,2344397.0,3790900.0,3.33,2.55,3.82,27.59,369214.0,0.138518,-1.292936,-0.104202,-0.104213,1.088989,0.905369,1.202826,1.632891,4.237599,4.259387,3.707852,0.0,0.0,0.0,0.03,0.03,0.04,-0.15,28736329972.0,24219210009.0,4517119963.0,52955539981.0,71671761965.0,17627190679.0,1502819902.0,21967343.0,25743997254.0
2024-09-30,131816.0,128.429993,97.959999,349.799988,5.4332,6.0652,5762.47998,18189.169922,42330.148438,2636.100098,68.169998,71.769997,1057.0,424.75,-3.079321,-3.144806,-4.680352,-1.423142,-3.456118,-2.526362,2.019688,2.684662,1.845557,5.706153,-7.314758,-8.921328,7.637475,12.367725,10.75,0.039612,0.039612,0.44,0.62,0.48,108.02415,107.08272,5.4481,5.4475,6216528.0,2384828.0,3831700.0,3.34,2.56,3.83,27.49,372016.0,0.799855,-2.707476,-3.679149,-3.679539,1.323978,1.72458,1.076262,0.758909,4.42474,4.519075,4.091149,0.25,0.000342,0.000342,0.01,0.01,0.01,-0.1,28471402288.0,23391814867.0,5079587421.0,51863217155.0,71989578439.0,17357163569.0,1505542551.0,20912126.0,24918269544.0
2024-10-31,129713.0,126.260002,97.25,368.579987,5.7623,6.2522,5705.450195,18095.150391,41763.460938,2738.300049,69.260002,73.160004,982.5,410.75,-1.595406,-1.689629,-0.724785,5.368782,6.057206,3.083168,-0.989674,-0.516898,-1.338733,3.876937,1.59895,1.936752,-7.04825,-3.296057,10.75,0.040168,0.040168,0.56,1.52,0.61,108.23273,109.17883,5.7779,5.7773,6275117.0,2397533.0,3877584.0,3.3,2.52,3.79,27.94,366096.0,0.193086,1.957468,6.053487,6.054153,0.942471,0.532743,1.197484,-1.591329,4.758099,5.579866,4.600584,0.0,0.000556,0.000556,-0.04,-0.04,-0.04,0.45,29300866189.0,25209647872.0,4091218317.0,54510514061.0,71406054242.0,18626111446.0,1632783730.0,20610233.0,26863041835.0
2024-11-30,125668.0,122.32,93.32,402.850006,6.0139,6.345178,6032.379883,19218.169922,44910.648438,2657.0,68.0,72.940002,989.5,423.0,-3.118423,-3.120547,-4.041131,9.297851,4.366308,1.487125,5.73013,6.206191,7.535744,-2.968997,-1.819235,-0.300712,0.712468,2.982349,11.25,0.04158,0.04158,0.39,1.3,0.33,107.99539,105.48993,6.0535,6.0529,6365690.0,2436022.0,3929668.0,3.27,2.5,3.75,28.45,363003.0,-0.219287,-3.378769,4.769899,4.770394,1.443368,1.605359,1.343208,-0.84486,4.873011,6.325086,4.840925,0.5,0.001412,0.001412,-0.03,-0.02,-0.04,0.51,27857365197.0,21110834322.0,6746530875.0,48968199519.0,65254758752.0,14525738297.0,1376340020.0,16137790.0,22503312132.0
2024-12-31,120283.0,117.269997,85.949997,407.700012,6.1779,6.422608,5881.629883,19310.789062,42544.21875,2629.199951,71.720001,74.639999,998.25,458.5,-4.2851,-4.128518,-7.89756,1.203924,2.727016,1.220293,-2.499014,0.481935,-5.269195,-1.046295,5.47059,2.330678,0.884285,8.392435,12.25,0.044158,0.044158,0.52,0.94,0.48,107.3722,104.15749,6.1923,6.1917,6464602.0,2499177.0,3965425.0,3.08,2.21,3.63,28.5,329730.0,-0.577052,-1.263097,2.292888,2.293116,1.55383,2.592546,0.909924,-9.16604,4.831296,6.536174,4.767938,1.0,0.002578,0.002578,-0.19,-0.29,-0.12,0.05,24881044787.0,20245157064.0,4635887723.0,45126201851.0,57398489910.0,13501243766.0,1300532200.0,15797357.0,21561486621.0
2025-01-31,126135.0,123.0,91.400002,394.149994,5.8745,6.101281,6040.529785,19627.439453,44544.660156,2812.5,72.529999,76.760002,1042.0,482.0,4.865193,4.886163,6.340901,-3.323527,-4.911055,-5.003057,2.70163,1.639759,4.702029,6.971704,1.129389,2.840304,4.38267,5.125409,13.25,0.045833,0.045833,0.16,0.27,0.0,108.10202,102.62361,5.8301,5.8295,6465016.0,2451957.0,4013059.0,3.34,2.43,3.89,29.88,328303.0,0.67971,-1.472655,-5.8492,-5.849767,0.006404,-1.889422,1.201233,-0.432778,4.559874,6.749097,4.174145,1.0,0.001675,0.001675,0.26,0.22,0.26,1.38,25398231759.0,23060919404.0,2337312355.0,48459151163.0,60584476836.0,15528918531.0,1349350845.0,22123041.0,24432393290.0
2025-02-28,122799.0,120.010002,87.599998,392.700012,5.839,6.064281,5954.5,18847.279297,43840.910156,2836.800049,69.760002,73.18,1011.5,453.5,-2.644785,-2.430893,-4.157553,-0.367876,-0.604299,-0.606433,-1.424209,-3.974844,-1.579875,0.864002,-3.819105,-4.66389,-2.927063,-5.912863,13.25,0.049037,0.049037,1.31,1.06,1.48,108.64347,106.82695,5.8488,5.8482,6511444.0,2477151.0,4034293.0,3.41,2.52,3.96,30.53,332508.0,0.500869,4.09588,0.320749,0.320782,0.718142,1.027506,0.529123,1.280829,5.05763,8.444549,4.866504,0.0,0.003204,0.003204,0.07,0.09,0.07,0.65,22753954039.0,23220906048.0,-466952009.0,45974860087.0,51624629314.0,12973124624.0,1106941671.0,16313313.0,24344161032.0
2025-03-31,130260.0,127.300003,93.419998,358.700012,5.7581,6.22665,5611.850098,17299.289062,42001.761719,3122.800049,71.480003,74.739998,1014.75,457.25,6.075782,6.074494,6.643835,-8.658008,-1.385514,2.677469,-5.75447,-8.213335,-4.195051,10.081782,2.465598,2.131727,0.321305,0.826902,14.25,0.050508,0.050508,0.56,-0.34,0.51,110.0586,114.02633,5.7422,5.7416,6576464.0,2498262.0,4078202.0,3.44,2.49,4.03,31.34,336157.0,1.302545,6.739292,-1.822596,-1.822783,0.99855,0.852229,1.088394,1.097417,5.47719,8.586193,5.201441,1.0,0.001471,0.001471,0.03,-0.03,0.07,0.81,28725872006.0,20989949681.0,7735922325.0,49715821687.0,65011929332.0,13552151392.0,1053669065.0,19919540.0,22063538286.0
2025-04-30,135067.0,131.630005,101.5,354.350006,5.62,6.393862,5569.060059,17446.339844,40669.359375,3305.0,58.209999,63.119999,1034.75,467.25,3.690312,3.401415,8.649114,-1.212714,-2.398363,2.685417,-0.762494,0.850039,-3.172253,5.834506,-18.564639,-15.547229,1.970929,2.186987,14.25,0.052531,0.052531,0.43,0.24,0.48,109.59971,112.58856,5.6608,5.6602,6623948.0,2512426.0,4111522.0,3.67,2.72,4.25,31.63,340789.0,-0.416951,-1.260911,-1.417575,-1.417723,0.722029,0.566954,0.817027,1.377928,5.529729,8.510418,5.316736,0.0,0.002023,0.002023,0.23,0.23,0.22,0.29,29886134851.0,22222203309.0,7663931542.0,52108338160.0,69341819195.0,15468363520.0,1085800896.0,23125477.0,23331129682.0
2025-05-31,137027.0,133.990005,107.639999,378.799988,5.6651,6.43915,5911.689941,19113.769531,42270.070312,3288.899902,60.790001,63.900002,1041.75,444.0,1.451132,1.792905,6.04926,6.899952,0.802495,0.708306,6.152383,9.557476,3.935914,-0.487144,4.432231,1.235746,0.676492,-4.975923,14.75,0.053936,0.053936,0.26,-0.49,0.35,108.80425,108.55662,5.7087,5.7081,6666287.0,2532708.0,4133579.0,3.72,2.67,4.36,31.7,341459.0,-0.725787,-3.581128,0.84617,0.84626,0.639181,0.807268,0.536468,0.196603,5.319636,7.026183,5.201418,0.5,0.001405,0.001405,0.05,-0.05,0.11,0.07,29920080781.0,22860326366.0,7059754415.0,52780407147.0,74335768570.0,15344449184.0,1037474089.0,22796692.0,23920597147.0
2025-06-30,138855.0,135.850006,109.029999,377.850006,5.4784,6.418485,6204.950195,20369.730469,44094.769531,3294.399902,65.110001,67.610001,1024.25,420.5,1.334044,1.388164,1.291341,-0.250787,-3.295615,-0.320923,4.960684,6.570975,4.316764,0.167229,7.106431,5.805945,-1.679866,-5.292793,15.0,0.054569,0.054569,0.24,-1.67,0.23,108.90168,107.36878,5.4571,5.4565,6703663.0,2547693.0,4155970.0,3.75,2.67,4.41,31.85,344440.0,0.089546,-1.094212,-4.407308,-4.407771,0.560672,0.591659,0.541686,0.873018,5.351165,4.393261,5.18043,0.25,0.000633,0.000633,0.03,0.0,0.05,0.15,29036249482.0,23179685930.0,5856563552.0,52215935412.0,74015443872.0,15016038003.0,974312830.0,20745580.0,24174744340.0
2025-07-31,133071.0,129.880005,101.919998,398.01001,5.5754,6.365372,6339.390137,21122.449219,44130.980469,3293.199951,69.260002,72.529999,961.75,394.0,-4.165496,-4.394554,-6.521142,5.335451,1.770583,-0.8275,2.166656,3.695281,0.082121,-0.036424,6.373831,7.277027,-6.102026,-6.302021,15.0,0.055131,0.055131,0.26,-0.77,0.21,108.39998,113.10359,5.6021,5.6015,6733209.0,2544400.0,4188808.0,3.96,2.79,4.66,31.75,345111.0,-0.460691,5.341227,2.657089,2.657381,0.440744,-0.129254,0.79014,0.194809,5.225222,2.961368,5.127976,0.0,0.000562,0.000562,0.21,0.12,0.25,-0.1,32128634276.0,25131360879.0,6997273397.0,57259995155.0,81820666079.0,17140340187.0,1061443064.0,23030203.0,26215834146.0
2025-08-31,141422.0,138.5,107.43,393.850006,5.413,6.317119,6460.259766,21455.550781,45544.878906,3473.699951,64.010002,68.120003,1036.75,398.0,6.275597,6.636892,5.406203,-1.045201,-2.912791,-0.758056,1.906644,1.577003,3.203868,5.480991,-7.580133,-6.080237,7.798284,1.015228,15.0,0.055131,0.055131,-0.11,0.36,-0.21,108.79892,110.38013,5.4264,5.4258,6774436.0,2546265.0,4228171.0,4.14,2.85,4.92,31.87,350767.0,0.368026,-2.407934,-3.136324,-3.13666,0.612293,0.073298,0.939718,1.638893,5.130501,3.033233,5.054283,0.0,0.0,0.0,0.18,0.06,0.26,0.12,29558633290.0,23583998523.0,5974634767.0,53142631813.0,81355786963.0,16785444660.0,1135211898.0,18335342.0,24737545763.0
2025-09-30,146237.0,143.240005,109.669998,399.799988,5.3217,6.238303,6688.459961,22660.009766,46397.890625,3840.800049,62.369999,67.019997,1001.75,415.5,3.404704,3.422387,2.085077,1.510723,-1.68668,-1.247656,3.532369,5.613741,1.872904,10.567985,-2.562105,-1.614806,-3.375934,4.396985,15.0,0.055131,0.055131,0.48,0.42,0.52,108.7209,109.48882,5.3186,5.318,6852705.0,2589817.0,4262888.0,4.09,2.77,4.89,31.47,356582.0,-0.07171,-0.807491,-1.986584,-1.986804,1.155358,1.710427,0.821088,1.657796,5.172369,2.828436,5.096104,0.0,0.0,0.0,-0.05,-0.08,-0.03,-0.4,30486762259.0,27345568599.0,3141193660.0,57832330858.0,75759474757.0,17057560731.0,1243909948.0,21793183.0,28611271730.0
2025-10-31,149540.0,146.410004,110.059998,413.329987,5.382,6.222775,6840.200195,23724.960938,47562.871094,3982.199951,60.98,65.07,1099.75,431.5,2.258662,2.213068,0.355612,3.384192,1.133094,-0.248917,2.268687,4.699694,2.510848,3.681522,-2.228635,-2.909575,9.78288,3.850782,15.0,0.055131,0.055131,0.09,-0.36,0.03,108.73364,110.06407,5.3843,5.3837,6923886.0,2597630.0,4326256.0,4.18,2.82,4.99,32.04,357103.0,0.011718,0.525396,1.235287,1.235427,1.038729,0.301682,1.486504,0.146109,4.680811,0.924206,4.490243,0.0,0.0,0.0,0.09,0.05,0.1,0.57,31508863381.0,24823891174.0,6684972207.0,56332754555.0,80689691197.0,17463010828.0,1171460817.0,20494590.0,26015846581.0
2025-11-30,159072.0,155.850006,116.489998,411.089996,5.3554,6.207325,6849.089844,23365.689453,47716.421875,4218.299805,58.549999,63.200001,1137.75,435.5,6.374214,6.447649,5.842268,-0.541938,-0.494238,-0.248282,0.129962,-1.514319,0.322837,5.92888,-3.984914,-2.873827,3.455331,0.926999,15.0,0.055131,0.055131,0.18,0.27,0.03,109.24151,106.59541,5.3338,5.3332,7004223.0,2616902.0,4387321.0,4.24,2.75,5.12,32.2,360578.0,0.467077,-3.151492,-0.937912,-0.938017,1.160288,0.741907,1.411498,0.973109,4.461836,-0.101973,4.177803,0.0,-0.0,-0.0,0.06,-0.07,0.13,0.16,28164831149.0,22404274885.0,5760556264.0,50569106034.0,68137471881.0,14442750743.0,990729112.0,19886771.0,23414890768.0
2025-12-31,161125.0,158.0,112.449997,424.200012,5.4762,6.426735,6845.5,23241.990234,48063.289062,4325.600098,57.419998,60.849998,1030.5,440.25,1.290611,1.379528,-3.46811,3.189087,2.255667,3.534694,-0.052413,-0.529405,0.726935,2.543686,-1.929976,-3.718358,-9.4265,1.0907,15.0,0.055131,0.055131,0.33,-0.01,0.21,109.46142,107.19319,5.5024,5.5018,7137252.0,2701735.0,4435517.0,4.2,2.7,5.12,31.87,358234.0,0.201306,0.560793,3.160973,3.161329,1.899268,3.241734,1.098529,-0.650067,4.264385,-1.042167,3.897866,0.0,0.0,0.0,-0.04,-0.05,0.0,-0.33,30710215227.0,21385349027.0,9324866200.0,52095564254.0,77150503445.0,16102323647.0,1025226283.0,23920408.0,22434495718.0
2026-01-31,181364.0,178.199997,123.800003,410.649994,5.1892,6.203474,6939.029785,23461.820312,48892.46875,4713.899902,65.209999,70.690002,1064.25,428.25,12.561055,12.784808,10.093381,-3.194252,-5.240864,-3.473939,1.366296,0.945832,1.725183,8.976785,13.566704,16.170919,3.275109,-2.725724,15.0,0.055131,0.055131,0.33,0.41,0.39,110.07661,103.78191,5.2301,5.2295,7130762.0,2654220.0,4476542.0,4.44,2.87,5.38,32.45,364367.0,0.562015,-3.182366,-4.94875,-4.949289,-0.090931,-1.758685,0.92492,1.712009,4.441351,-0.903999,4.303068,0.0,0.0,0.0,0.24,0.17,0.26,0.58,24576605744.0,20831691725.0,3744914019.0,45408297469.0,59812186143.0,14315306356.0,946935529.0,19491349.0,21798118603.0
2026-02-28,188787.0,185.160004,126.379997,396.75,5.1366,6.056935,6878.879883,22668.210938,48977.921875,5230.5,67.019997,72.480003,1157.25,438.75,4.092874,3.905728,2.084002,-3.384876,-1.013642,-2.362212,-0.866834,-3.382557,0.174778,10.959081,2.775644,2.532184,8.738548,2.451839,15.0,0.055131,0.055131,0.7,-0.73,0.56,110.77581,106.77083,5.1495,5.1489,7157783.0,2656484.0,4501299.0,4.64,3.07,5.56,32.63,371074.0,0.635194,2.880001,-1.54108,-1.541256,0.378936,0.085298,0.553038,1.840727,3.812497,-2.659212,3.357475,0.0,0.0,0.0,0.2,0.2,0.18,0.18,26276065434.0,22215553623.0,4060511811.0,48491619057.0,61246580653.0,13059952654.0,887917741.0,21747059.0,23125218423.0
2026-03-31,187462.0,184.279999,120.0,380.149994,5.264,6.027728,6528.52002,21590.630859,46341.511719,4647.600098,101.379997,118.349998,1171.0,457.75,-0.701849,-0.475267,-5.048265,-4.183996,2.480238,-0.482204,-5.093269,-4.753706,-5.382854,-11.144248,51.268282,63.286414,1.188162,4.330484,14.75,0.054777,0.054777,0.88,0.52,0.91,110.60765,118.00063,5.2194,5.2188,7240557.0,2687535.0,4553022.0,4.52,3.06,5.39,32.84,362002.0,-0.151802,10.517667,1.357413,1.357572,1.15642,1.168876,1.149068,-2.444795,4.142847,-1.819225,3.768807,-0.25,-0.000354,-0.000354,-0.12,-0.01,-0.17,0.21,31767869262.0,25308911941.0,6458957321.0,57076781203.0,69086532981.0,15883329662.0,1095660149.0,30697751.0,26435269841.0
2026-04-30,187318.0,184.089996,115.760002,402.5,5.0175,5.858231,7209.009766,24892.310547,49652.140625,4614.700195,105.07,114.010002,1182.0,464.75,-0.076816,-0.103105,-3.533332,5.87926,-4.682751,-2.811955,10.423339,15.292187,7.143981,-0.70789,3.639774,-3.667086,0.939368,1.529219,14.5,0.054223,0.054223,0.67,2.73,0.81,110.90086,113.89942,4.9886,4.988,7259766.0,2685397.0,4574368.0,4.64,3.15,5.51,33.36,366913.0,0.26509,-3.475583,-4.421964,-4.422473,0.265297,-0.079552,0.468831,1.356622,4.39172,0.619623,4.109608,-0.25,-0.000554,-0.000554,0.12,0.09,0.12,0.52,34303112660.0,23647082379.0,10656030281.0,57950195039.0,75020929456.0,14068303977.0,1093353315.0,26781461.0,24767217155.0
2026-05-31,173788.0,170.75,110.989998,430.399994,5.0517,5.882353,7580.060059,26972.619141,51032.460938,4560.5,87.360001,92.050003,1186.75,446.75,-7.223011,-7.246454,-4.120598,6.931676,0.681618,0.411758,5.147036,8.357234,2.779981,-1.174512,-16.855429,-19.261467,0.401861,-3.87305,14.5,0.0534,0.0534,0.58,0.84,0.65,110.93102,109.53002,5.0569,5.0563,7305306.0,2708154.0,4597152.0,4.74,3.25,5.62,33.1,371137.0,0.027195,-3.836192,1.369122,1.369286,0.627293,0.847435,0.49808,1.151227,4.724907,1.964454,4.420848,0.0,-0.000823,-0.000823,0.1,0.1,0.11,-0.26,31557335963.0,24118232383.0,7439103580.0,55675568346.0,63575354725.0,14126830781.0,1222605122.0,30748299.0,25371585804.0
2026-06-30,172024.0,169.050003,107.980003,435.649994,5.181787,5.91716,7499.359863,26213.720703,52319.199219,4022.899902,69.5,72.919998,1116.75,412.75,-1.01503,-0.995606,-2.711951,1.219796,2.575111,0.591722,-1.064638,-2.813588,2.521411,-11.788183,-20.44414,-20.782188,-5.898462,-7.61052,14.25,0.053028,0.053028,0.16,-0.5,0.14,110.22154,109.89427,5.1766,5.176,7353293.0,2750625.0,4602668.0,4.58,3.18,5.42,33.33,367558.0,-0.639569,0.332557,2.367063,2.367344,0.656879,1.568264,0.119987,-0.964334,4.641328,3.177699,4.327084,-0.25,-0.000372,-0.000372,-0.16,-0.07,-0.2,0.23,35492956607.0,26493857835.0,8999098772.0,61986814442.0,82860091366.0,14024278044.0,1322948542.0,23910838.0,27840717215.0
2026-07-31,177999.0,175.020004,107.25,428.390015,5.0781,5.847953,7489.720215,25373.849609,52485.03125,4049.100098,84.669998,90.120003,1172.0,440.75,3.473353,3.5315,-0.676054,-1.666471,-2.000986,-1.169601,-0.12854,-3.203937,0.316962,0.651276,21.827335,23.5875,4.947392,6.783767,14.25,0.052531,0.052531,0.07,-1.16,-0.01,,,5.0773,5.0767,7372243.0,2731513.0,4640730.0,4.88,3.31,5.81,32.08,369742.0,,,-1.918247,-1.91847,0.257708,-0.694824,0.826955,0.594192,4.443025,2.772183,4.098046,0.0,-0.000497,-0.000497,0.3,0.13,0.39,-1.25,33723397019.0,27158319765.0,6565077254.0,60881716784.0,77871209960.0,16655220670.0,1471041432.0,26306646.0,28655667843.0
2026-08-31,177419.0,174.779999,106.129997,449.350006,5.1912,6.009615,7686.140137,26370.890625,53185.898438,4431.100098,85.760002,90.489998,1275.25,515.0,-0.325845,-0.13713,-1.044292,4.892736,2.227203,2.764422,2.622527,3.929404,1.335366,9.434195,1.287356,0.410558,8.809727,16.846285,14.0,0.051784,0.051784,,-0.22,,,,5.1816,5.181,,,,,,,,,,,2.054241,2.054484,,,,,,2.178243,,-0.25,-0.000747,-0.000747,,,,,33157804370.0,25763862100.0,7393942270.0,58921666470.0,77119199389.0,14073182023.0,1548184686.0,19241881.0,27331288667.0
2026-09-30,185147.0,182.25,111.059998,446.0,5.1237,5.9496,7718.600098,26506.990234,53414.25,4429.799805,91.480003,96.279999,1293.75,512.0,4.355791,4.273945,4.645247,-0.745523,-1.30027,-0.998645,0.422318,0.516098,0.429346,-0.029345,6.669777,6.398498,1.450696,-0.582524,14.0,0.05166,0.05166,,,,,,5.1253,5.1247,,,,,,,,,,,-1.086537,-1.086663,,,,,,,,0.0,-0.000124,-0.000124,,,,,,,,,,,,,
