variavel,primeira_data,ultima_data,observacoes,valor_inicial,valor_final,percentual_preenchido
yahoo_ibovespa,2021-10-31,2026-10-31,61,103501.0,206768.96875,74.390244
yahoo_bova11,2021-10-31,2026-10-31,61,99.68,203.580002,74.390244
yahoo_smal11,2021-10-31,2026-10-31,61,111.199997,133.729996,74.390244
yahoo_ivvb11,2021-10-31,2026-10-31,61,283.0,438.649994,74.390244
yahoo_dolar_real,2021-10-31,2026-10-31,61,5.6449,5.0001,74.390244
yahoo_euro_real,2021-10-31,2026-10-31,61,6.593,5.6081,74.390244
yahoo_sp500,2021-10-31,2026-10-31,61,4605.379883,7758.700195,74.390244
yahoo_nasdaq,2021-10-31,2026-10-31,61,15498.389648,27225.183594,74.390244
yahoo_dow_jones,2021-10-31,2026-10-31,61,35819.558594,51122.460938,74.390244
yahoo_ouro,2021-10-31,2026-10-31,61,1783.900024,4157.899902,74.390244
yahoo_petroleo_wti,2021-10-31,2026-10-31,61,83.57,90.800003,74.390244
yahoo_petroleo_brent,2021-10-31,2026-10-31,61,84.379997,103.290001,74.390244
yahoo_soja,2021-10-31,2026-10-31,61,1235.75,1287.75,74.390244
yahoo_milho,2021-10-31,2026-10-31,61,568.25,500.5,74.390244
yahoo_ret_ibovespa,2021-11-30,2026-10-31,60,-1.532352,10.963276,73.170732
yahoo_ret_bova11,2021-11-30,2026-10-31,60,-1.334271,10.59322,73.170732
yahoo_ret_smal11,2021-11-30,2026-10-31,60,-2.158268,19.476454,73.170732
yahoo_ret_ivvb11,2021-11-30,2026-10-31,60,-0.865729,-1.94917,73.170732
yahoo_ret_dolar_real,2021-11-30,2026-10-31,60,-0.783007,-3.897822,73.170732
yahoo_ret_euro_real,2021-11-30,2026-10-31,60,-4.10587,-4.886617,73.170732
yahoo_ret_sp500,2021-11-30,2026-10-31,60,-0.833371,1.400504,73.170732
yahoo_ret_nasdaq,2021-11-30,2026-10-31,60,0.25358,1.35558,73.170732
yahoo_ret_dow_jones,2021-11-30,2026-10-31,60,-3.729359,0.425117,73.170732
yahoo_ret_ouro,2021-11-30,2026-10-31,60,-0.577389,-0.6879,73.170732
yahoo_ret_petroleo_wti,2021-11-30,2026-10-31,60,-20.808902,0.420266,73.170732
yahoo_ret_petroleo_brent,2021-11-30,2026-10-31,60,-16.366435,-0.231815,73.170732
yahoo_ret_soja,2021-11-30,2026-10-31,60,-1.497067,-0.406032,73.170732
yahoo_ret_milho,2021-11-30,2026-10-31,60,-0.219974,-0.049925,73.170732
bcb_sgs_selic_meta,2021-10-31,2026-10-31,61,7.75,13.75,74.390244
bcb_sgs_selic_over,2021-10-31,2026-10-31,61,0.02443,0.050788,74.390244
bcb_sgs_ipca,2021-10-31,2026-08-31,59,1.25,-0.32,71.95122
bcb_sgs_igp_m,2021-10-31,2026-09-30,60,0.64,1.57,73.170732
bcb_sgs_inpc,2021-10-31,2026-08-31,59,1.16,-0.32,71.95122
bcb_sgs_ibc_br_sa,2021-10-31,2026-07-31,58,97.48671,109.91611,70.731707
bcb_sgs_ibc_br,2021-10-31,2026-07-31,58,96.53041,114.40189,70.731707
bcb_sgs_cambio_venda_usd,2021-10-31,2026-10-31,61,5.643,5.0119,74.390244
bcb_sgs_cambio_compra_usd,2021-10-31,2026-10-31,61,5.6424,5.0113,74.390244
bcb_sgs_saldo_credito_total,2021-10-31,2026-08-31,59,4511956.0,7397669.0,71.95122
bcb_sgs_saldo_credito_pj,2021-10-31,2026-08-31,59,1910940.0,2727499.0,71.95122
bcb_sgs_saldo_credito_pf,2021-10-31,2026-08-31,59,2601017.0,4670170.0,71.95122
bcb_sgs_inadimplencia_total,2021-10-31,2026-08-31,59,2.33,5.04,71.95122
bcb_sgs_inadimplencia_pj,2021-10-31,2026-08-31,59,1.43,3.35,71.95122
bcb_sgs_inadimplencia_pf,2021-10-31,2026-08-31,59,2.99,6.03,71.95122
bcb_sgs_juros_credito_total,2021-10-31,2026-08-31,59,22.89,32.26,71.95122
bcb_sgs_reservas_internacionais,2021-10-31,2026-09-30,60,367927.0,362821.0,73.170732
bcb_sgs_var_pct_ibc_br_sa,2021-11-30,2026-07-31,57,1.608989,-0.219358,69.512195
bcb_sgs_var_pct_ibc_br,2021-11-30,2026-07-31,57,1.36989,4.057001,69.512195
bcb_sgs_var_pct_cambio_venda_usd,2021-11-30,2026-10-31,60,-0.409357,-3.261982,73.170732
bcb_sgs_var_pct_cambio_compra_usd,2021-11-30,2026-10-31,60,-0.4094,-3.262359,73.170732
bcb_sgs_var_pct_saldo_credito_total,2021-11-30,2026-08-31,58,1.896096,0.480339,70.731707
bcb_sgs_var_pct_saldo_credito_pj,2021-11-30,2026-08-31,58,1.160214,-0.060934,70.731707
bcb_sgs_var_pct_saldo_credito_pf,2021-11-30,2026-08-31,58,2.436662,0.799177,70.731707
bcb_sgs_var_pct_reservas_internacionais,2021-11-30,2026-09-30,59,-0.042128,-2.628712,71.95122
bcb_sgs_ipca_acum_12m,2022-09-30,2026-08-31,48,7.168596,4.223453,58.536585
bcb_sgs_igp_m_acum_12m,2022-09-30,2026-09-30,49,8.24876,3.348378,59.756098
bcb_sgs_inpc_acum_12m,2022-09-30,2026-08-31,48,7.191214,3.983297,58.536585
bcb_sgs_dif_selic_meta,2021-11-30,2026-10-31,60,0.0,0.0,73.170732
bcb_sgs_dif_selic_over,2021-11-30,2026-10-31,60,0.004826,-0.000457,73.170732
bcb_sgs_dif_inadimplencia_total,2021-11-30,2026-08-31,58,0.03,0.16,70.731707
bcb_sgs_dif_inadimplencia_pj,2021-11-30,2026-08-31,58,0.03,0.03,70.731707
bcb_sgs_dif_inadimplencia_pf,2021-11-30,2026-08-31,58,0.02,0.23,70.731707
bcb_sgs_dif_juros_credito_total,2021-11-30,2026-08-31,58,1.02,0.2,70.731707
comexstat_comex_exportacoes_fob_usd,2020-01-31,2026-09-30,81,14429715267.0,34418070076.0,98.780488
comexstat_comex_importacoes_fob_usd,2020-01-31,2026-09-30,81,17190165488.0,26677510096.0,98.780488
comexstat_comex_saldo_comercial_usd,2020-01-31,2026-09-30,81,-2760450221.0,7740559980.0,98.780488
comexstat_comex_corrente_comercio_usd,2020-01-31,2026-09-30,81,31619880755.0,61095580172.0,98.780488
comexstat_comex_exportacoes_kg,2020-01-31,2026-09-30,81,46718273016.0,76342513744.0,98.780488
comexstat_comex_importacoes_kg,2020-01-31,2026-09-30,81,12206525099.0,14665789542.0,98.780488
comexstat_comex_importacoes_frete_usd,2020-01-31,2026-09-30,81,641249369.0,1611232587.0,98.780488
comexstat_comex_importacoes_seguro_usd,2020-01-31,2026-09-30,81,11309879.0,27463449.0,98.780488
comexstat_comex_importacoes_cif_usd,2020-01-31,2026-09-30,81,17842724736.0,28316206132.0,98.780488
comexstat_acucares_cana_exp_fob,2020-01-31,2026-09-30,81,395907378.0,809708916.0,98.780488
comexstat_acucares_cana_exp_kg,2020-01-31,2026-09-30,81,1403790404.0,2306235692.0,98.780488
comexstat_acucares_cana_imp_fob,2020-01-31,2026-09-30,80,42579.0,144681.0,97.560976
comexstat_acucares_cana_imp_kg,2020-01-31,2026-09-30,80,41657.0,122543.0,97.560976
comexstat_cafe_nao_torrado_exp_fob,2020-01-31,2026-09-30,81,357877575.0,1292800592.0,98.780488
comexstat_cafe_nao_torrado_exp_kg,2020-01-31,2026-09-30,81,163332129.0,235659946.0,98.780488
comexstat_cafe_nao_torrado_imp_fob,2020-07-31,2026-07-31,22,31418.0,6294.0,26.829268
comexstat_cafe_nao_torrado_imp_kg,2020-07-31,2026-07-31,22,20000.0,1560.0,26.829268
comexstat_carne_bovina_congelada_exp_fob,2020-01-31,2026-09-30,81,500185177.0,950751177.0,98.780488
comexstat_carne_bovina_congelada_exp_kg,2020-01-31,2026-09-30,81,103909023.0,156467198.0,98.780488
comexstat_carne_bovina_congelada_imp_fob,2020-01-31,2026-09-30,81,9788257.0,10523613.0,98.780488
comexstat_carne_bovina_congelada_imp_kg,2020-01-31,2026-09-30,81,1182973.0,988603.0,98.780488
comexstat_celulose_nao_coniferas_exp_fob,2020-01-31,2026-09-30,81,488810441.0,892280162.0,98.780488
comexstat_celulose_nao_coniferas_exp_kg,2020-01-31,2026-09-30,81,1351894846.0,1801287673.0,98.780488
comexstat_celulose_nao_coniferas_imp_fob,2020-01-31,2026-09-30,71,23393.0,1255725.0,86.585366
comexstat_celulose_nao_coniferas_imp_kg,2020-01-31,2026-09-30,71,40720.0,1333748.0,86.585366
comexstat_fuel_oil_exp_fob,2020-01-31,2026-09-30,81,401663716.0,649437972.0,98.780488
comexstat_fuel_oil_exp_kg,2020-01-31,2026-09-30,81,955961547.0,942054629.0,98.780488
comexstat_fuel_oil_imp_fob,2020-12-31,2026-07-31,43,13124930.0,60.0,52.439024
comexstat_fuel_oil_imp_kg,2020-12-31,2026-07-31,43,40054409.0,24.0,52.439024
comexstat_milho_em_grao_exp_fob,2020-01-31,2026-09-30,81,349915062.0,1228786726.0,98.780488
comexstat_milho_em_grao_exp_kg,2020-01-31,2026-09-30,81,2083530104.0,5207728793.0,98.780488
comexstat_milho_em_grao_imp_fob,2020-01-31,2026-09-30,81,26216991.0,37058160.0,98.780488
comexstat_milho_em_grao_imp_kg,2020-01-31,2026-09-30,81,196178640.0,220704294.0,98.780488
comexstat_minerio_ferro_nao_aglomerado_exp_fob,2020-01-31,2026-09-30,81,1627139024.0,1771842975.0,98.780488
comexstat_minerio_ferro_nao_aglomerado_exp_kg,2020-01-31,2026-09-30,81,25418986258.0,31660490297.0,98.780488
comexstat_minerio_ferro_nao_aglomerado_imp_fob,2020-01-31,2026-09-30,67,6207.0,5139747.0,81.707317
comexstat_minerio_ferro_nao_aglomerado_imp_kg,2020-01-31,2026-09-30,67,7200.0,61011592.0,81.707317
comexstat_oleos_brutos_petroleo_exp_fob,2020-01-31,2026-09-30,81,1707992437.0,6498868606.0,98.780488
comexstat_oleos_brutos_petroleo_exp_kg,2020-01-31,2026-09-30,81,4221906804.0,11689652591.0,98.780488
comexstat_oleos_brutos_petroleo_imp_fob,2020-01-31,2026-09-30,81,207990371.0,631617247.0,98.780488
comexstat_oleos_brutos_petroleo_imp_kg,2020-01-31,2026-09-30,81,432290309.0,893774707.0,98.780488
comexstat_residuos_oleo_soja_exp_fob,2020-01-31,2026-09-30,81,281324952.0,755950210.0,98.780488
comexstat_residuos_oleo_soja_exp_kg,2020-01-31,2026-09-30,81,831821378.0,1941525390.0,98.780488
comexstat_residuos_oleo_soja_imp_fob,2020-02-29,2026-08-31,5,2282.0,360.0,6.097561
comexstat_residuos_oleo_soja_imp_kg,2020-02-29,2026-08-31,5,2500.0,0.0,6.097561
comexstat_soja_exceto_semeadura_exp_fob,2020-01-31,2026-09-30,81,504774218.0,3473089697.0,98.780488
comexstat_soja_exceto_semeadura_exp_kg,2020-01-31,2026-09-30,81,1397018249.0,7358383641.0,98.780488
comexstat_soja_exceto_semeadura_imp_fob,2020-01-31,2026-09-30,77,6305340.0,51965570.0,93.902439
comexstat_soja_exceto_semeadura_imp_kg,2020-01-31,2026-09-30,77,19690000.0,117130000.0,93.902439
