variavel,primeira_data,ultima_data,observacoes,valor_inicial,valor_final
cdi,2021-10-31,2026-10-31,61,0.024306,0.050788
ipca,2021-10-31,2026-08-31,59,1.25,-0.32
igp_m,2021-10-31,2026-09-30,60,0.64,1.57
inpc,2021-10-31,2026-08-31,59,1.16,-0.32
ibc_br,2021-10-31,2026-07-31,58,96.53041,114.40189
cambio_venda_usd,2021-10-31,2026-10-31,61,5.643,4.9859
cambio_compra_usd,2021-10-31,2026-10-31,61,5.6424,4.9853
saldo_credito_pj,2021-10-31,2026-08-31,59,1910940.0,2727499.0
inadimplencia_total,2021-10-31,2026-08-31,59,2.33,5.04
inadimplencia_pj,2021-10-31,2026-08-31,59,1.43,3.35
inadimplencia_pf,2021-10-31,2026-08-31,59,2.99,6.03
juros_credito_total,2021-10-31,2026-08-31,59,22.89,32.26
reservas_internacionais,2021-10-31,2026-08-31,59,367927.0,372616.0
var_pct_ibc_br,2021-11-30,2026-07-31,57,1.36989,4.057001
var_pct_cambio_venda_usd,2021-11-30,2026-10-31,60,-0.409357,-3.763825
var_pct_cambio_compra_usd,2021-11-30,2026-10-31,60,-0.4094,-3.764261
var_pct_saldo_credito_pj,2021-11-30,2026-08-31,58,1.160214,-0.060934
var_pct_reservas_internacionais,2021-11-30,2026-08-31,58,-0.042128,0.777299
ipca_acum_12m,2022-09-30,2026-08-31,48,7.168596,4.223453
igp_m_acum_12m,2022-09-30,2026-09-30,49,8.24876,3.348378
inpc_acum_12m,2022-09-30,2026-08-31,48,7.191214,3.983297
dif_cdi,2021-11-30,2026-10-31,60,0.00495,-0.000457
dif_inadimplencia_total,2021-11-30,2026-08-31,58,0.03,0.16
dif_inadimplencia_pj,2021-11-30,2026-08-31,58,0.03,0.03
dif_inadimplencia_pf,2021-11-30,2026-08-31,58,0.02,0.23
dif_juros_credito_total,2021-11-30,2026-08-31,58,1.02,0.2
