arquivo,caminho,pasta,extensao,tamanho_bytes,tamanho_mb,modificado_em
base_bcb_sgs_mensal_larga.csv,data/final/bcb_sgs/base_bcb_sgs_mensal_larga.csv,data/final/bcb_sgs,.csv,17263,0.0165,2026-10-08 17:07:55
base_bcb_sgs_mensal_larga.json,data/final/bcb_sgs/base_bcb_sgs_mensal_larga.json,data/final/bcb_sgs,.json,81090,0.0773,2026-10-08 17:07:55
base_bcb_sgs_mensal_larga.parquet,data/final/bcb_sgs/base_bcb_sgs_mensal_larga.parquet,data/final/bcb_sgs,.parquet,38337,0.0366,2026-10-08 17:07:55
base_bcb_sgs_mensal_larga.xlsx,data/final/bcb_sgs/base_bcb_sgs_mensal_larga.xlsx,data/final/bcb_sgs,.xlsx,19411,0.0185,2026-10-08 17:07:55
base_bcb_sgs_mensal_longa.csv,data/final/bcb_sgs/base_bcb_sgs_mensal_longa.csv,data/final/bcb_sgs,.csv,173585,0.1655,2026-10-08 17:07:55
base_bcb_sgs_mensal_longa.json,data/final/bcb_sgs/base_bcb_sgs_mensal_longa.json,data/final/bcb_sgs,.json,469467,0.4477,2026-10-08 17:07:55
base_bcb_sgs_mensal_longa.parquet,data/final/bcb_sgs/base_bcb_sgs_mensal_longa.parquet,data/final/bcb_sgs,.parquet,15128,0.0144,2026-10-08 17:07:55
base_bcb_sgs_mensal_longa.xlsx,data/final/bcb_sgs/base_bcb_sgs_mensal_longa.xlsx,data/final/bcb_sgs,.xlsx,55917,0.0533,2026-10-08 17:07:55
dicionario_variaveis_bcb_sgs.csv,data/final/bcb_sgs/dicionario_variaveis_bcb_sgs.csv,data/final/bcb_sgs,.csv,5087,0.0049,2026-10-08 17:07:55
dicionario_variaveis_bcb_sgs.json,data/final/bcb_sgs/dicionario_variaveis_bcb_sgs.json,data/final/bcb_sgs,.json,13257,0.0126,2026-10-08 17:07:55
dicionario_variaveis_bcb_sgs.parquet,data/final/bcb_sgs/dicionario_variaveis_bcb_sgs.parquet,data/final/bcb_sgs,.parquet,8048,0.0077,2026-10-08 17:07:55
dicionario_variaveis_bcb_sgs.xlsx,data/final/bcb_sgs/dicionario_variaveis_bcb_sgs.xlsx,data/final/bcb_sgs,.xlsx,7023,0.0067,2026-10-08 17:07:55
resumo_disponibilidade_bcb_sgs.csv,data/final/bcb_sgs/resumo_disponibilidade_bcb_sgs.csv,data/final/bcb_sgs,.csv,2136,0.002,2026-10-08 17:07:55
resumo_disponibilidade_bcb_sgs.json,data/final/bcb_sgs/resumo_disponibilidade_bcb_sgs.json,data/final/bcb_sgs,.json,8650,0.0082,2026-10-08 17:07:55
resumo_disponibilidade_bcb_sgs.parquet,data/final/bcb_sgs/resumo_disponibilidade_bcb_sgs.parquet,data/final/bcb_sgs,.parquet,5306,0.0051,2026-10-08 17:07:55
resumo_disponibilidade_bcb_sgs.xlsx,data/final/bcb_sgs/resumo_disponibilidade_bcb_sgs.xlsx,data/final/bcb_sgs,.xlsx,6373,0.0061,2026-10-08 17:07:55
base_comexstat_ncm_mensal_longa.csv,data/final/comexstat/base_comexstat_ncm_mensal_longa.csv,data/final/comexstat,.csv,195084,0.186,2026-10-08 17:07:05
base_comexstat_ncm_mensal_longa.json,data/final/comexstat/base_comexstat_ncm_mensal_longa.json,data/final/comexstat,.json,510674,0.487,2026-10-08 17:07:05
base_comexstat_ncm_mensal_longa.parquet,data/final/comexstat/base_comexstat_ncm_mensal_longa.parquet,data/final/comexstat,.parquet,29133,0.0278,2026-10-08 17:07:05
base_comexstat_ncm_mensal_longa.xlsx,data/final/comexstat/base_comexstat_ncm_mensal_longa.xlsx,data/final/comexstat,.xlsx,70023,0.0668,2026-10-08 17:07:05
base_comexstat_total_mensal_larga.csv,data/final/comexstat/base_comexstat_total_mensal_larga.csv,data/final/comexstat,.csv,43415,0.0414,2026-10-08 17:07:05
base_comexstat_total_mensal_larga.json,data/final/comexstat/base_comexstat_total_mensal_larga.json,data/final/comexstat,.json,196087,0.187,2026-10-08 17:07:05
base_comexstat_total_mensal_larga.parquet,data/final/comexstat/base_comexstat_total_mensal_larga.parquet,data/final/comexstat,.parquet,64005,0.061,2026-10-08 17:07:05
base_comexstat_total_mensal_larga.xlsx,data/final/comexstat/base_comexstat_total_mensal_larga.xlsx,data/final/comexstat,.xlsx,38243,0.0365,2026-10-08 17:07:05
base_comexstat_total_mensal_longa.csv,data/final/comexstat/base_comexstat_total_mensal_longa.csv,data/final/comexstat,.csv,1050158,1.0015,2026-10-08 17:07:05
base_comexstat_total_mensal_longa.json,data/final/comexstat/base_comexstat_total_mensal_longa.json,data/final/comexstat,.json,2524600,2.4076,2026-10-08 17:07:05
base_comexstat_total_mensal_longa.parquet,data/final/comexstat/base_comexstat_total_mensal_longa.parquet,data/final/comexstat,.parquet,43691,0.0417,2026-10-08 17:07:05
base_comexstat_total_mensal_longa.xlsx,data/final/comexstat/base_comexstat_total_mensal_longa.xlsx,data/final/comexstat,.xlsx,265636,0.2533,2026-10-08 17:07:05
dicionario_produtos_ncm.csv,data/final/comexstat/dicionario_produtos_ncm.csv,data/final/comexstat,.csv,1720,0.0016,2026-10-08 17:07:05
dicionario_produtos_ncm.json,data/final/comexstat/dicionario_produtos_ncm.json,data/final/comexstat,.json,3693,0.0035,2026-10-08 17:07:05
dicionario_produtos_ncm.parquet,data/final/comexstat/dicionario_produtos_ncm.parquet,data/final/comexstat,.parquet,6275,0.006,2026-10-08 17:07:05
dicionario_produtos_ncm.xlsx,data/final/comexstat/dicionario_produtos_ncm.xlsx,data/final/comexstat,.xlsx,5782,0.0055,2026-10-08 17:07:05
dicionario_variaveis_comexstat.csv,data/final/comexstat/dicionario_variaveis_comexstat.csv,data/final/comexstat,.csv,18248,0.0174,2026-10-08 17:07:05
dicionario_variaveis_comexstat.json,data/final/comexstat/dicionario_variaveis_comexstat.json,data/final/comexstat,.json,46715,0.0446,2026-10-08 17:07:05
dicionario_variaveis_comexstat.parquet,data/final/comexstat/dicionario_variaveis_comexstat.parquet,data/final/comexstat,.parquet,16213,0.0155,2026-10-08 17:07:05
dicionario_variaveis_comexstat.xlsx,data/final/comexstat/dicionario_variaveis_comexstat.xlsx,data/final/comexstat,.xlsx,10639,0.0101,2026-10-08 17:07:05
resumo_disponibilidade_comexstat.csv,data/final/comexstat/resumo_disponibilidade_comexstat.csv,data/final/comexstat,.csv,3835,0.0037,2026-10-08 17:07:05
resumo_disponibilidade_comexstat.json,data/final/comexstat/resumo_disponibilidade_comexstat.json,data/final/comexstat,.json,13987,0.0133,2026-10-08 17:07:05
resumo_disponibilidade_comexstat.parquet,data/final/comexstat/resumo_disponibilidade_comexstat.parquet,data/final/comexstat,.parquet,6451,0.0062,2026-10-08 17:07:05
resumo_disponibilidade_comexstat.xlsx,data/final/comexstat/resumo_disponibilidade_comexstat.xlsx,data/final/comexstat,.xlsx,7202,0.0069,2026-10-08 17:07:05
base_conjuntura_mensal.csv,data/final/consolidada/base_conjuntura_mensal.csv,data/final/consolidada,.csv,80191,0.0765,2026-10-08 17:10:10
base_conjuntura_mensal.json,data/final/consolidada/base_conjuntura_mensal.json,data/final/consolidada,.json,448263,0.4275,2026-10-08 17:10:10
base_conjuntura_mensal.parquet,data/final/consolidada/base_conjuntura_mensal.parquet,data/final/consolidada,.parquet,138019,0.1316,2026-10-08 17:10:10
base_conjuntura_mensal.xlsx,data/final/consolidada/base_conjuntura_mensal.xlsx,data/final/consolidada,.xlsx,70946,0.0677,2026-10-08 17:10:10
resumo_disponibilidade_consolidada.csv,data/final/consolidada/resumo_disponibilidade_consolidada.csv,data/final/consolidada,.csv,9382,0.0089,2026-10-08 17:10:10
resumo_disponibilidade_consolidada.json,data/final/consolidada/resumo_disponibilidade_consolidada.json,data/final/consolidada,.json,33694,0.0321,2026-10-08 17:10:10
resumo_disponibilidade_consolidada.parquet,data/final/consolidada/resumo_disponibilidade_consolidada.parquet,data/final/consolidada,.parquet,8539,0.0081,2026-10-08 17:10:10
resumo_disponibilidade_consolidada.xlsx,data/final/consolidada/resumo_disponibilidade_consolidada.xlsx,data/final/consolidada,.xlsx,10116,0.0096,2026-10-08 17:10:10
bcb_sgs_cambio_compra_usd.json,data/final/dashboard/bcb_sgs_cambio_compra_usd.json,data/final/dashboard,.json,51958,0.0496,2026-10-08 17:10:11
bcb_sgs_cambio_venda_usd.json,data/final/dashboard/bcb_sgs_cambio_venda_usd.json,data/final/dashboard,.json,51954,0.0495,2026-10-08 17:10:11
bcb_sgs_cdi.json,data/final/dashboard/bcb_sgs_cdi.json,data/final/dashboard,.json,52166,0.0497,2026-10-08 17:10:11
bcb_sgs_dif_cdi.json,data/final/dashboard/bcb_sgs_dif_cdi.json,data/final/dashboard,.json,50928,0.0486,2026-10-08 17:10:11
bcb_sgs_dif_inadimplencia_pf.json,data/final/dashboard/bcb_sgs_dif_inadimplencia_pf.json,data/final/dashboard,.json,48575,0.0463,2026-10-08 17:10:11
bcb_sgs_dif_inadimplencia_pj.json,data/final/dashboard/bcb_sgs_dif_inadimplencia_pj.json,data/final/dashboard,.json,48368,0.0461,2026-10-08 17:10:11
bcb_sgs_dif_inadimplencia_total.json,data/final/dashboard/bcb_sgs_dif_inadimplencia_total.json,data/final/dashboard,.json,48666,0.0464,2026-10-08 17:10:11
bcb_sgs_dif_juros_credito_total.json,data/final/dashboard/bcb_sgs_dif_juros_credito_total.json,data/final/dashboard,.json,49363,0.0471,2026-10-08 17:10:11
bcb_sgs_dif_selic_meta.json,data/final/dashboard/bcb_sgs_dif_selic_meta.json,data/final/dashboard,.json,48431,0.0462,2026-10-08 17:10:11
bcb_sgs_dif_selic_over.json,data/final/dashboard/bcb_sgs_dif_selic_over.json,data/final/dashboard,.json,50949,0.0486,2026-10-08 17:10:11
bcb_sgs_ibc_br.json,data/final/dashboard/bcb_sgs_ibc_br.json,data/final/dashboard,.json,50370,0.048,2026-10-08 17:10:11
bcb_sgs_ibc_br_sa.json,data/final/dashboard/bcb_sgs_ibc_br_sa.json,data/final/dashboard,.json,50280,0.048,2026-10-08 17:10:11
bcb_sgs_igp_m.json,data/final/dashboard/bcb_sgs_igp_m.json,data/final/dashboard,.json,50975,0.0486,2026-10-08 17:10:11
bcb_sgs_igp_m_acum_12m.json,data/final/dashboard/bcb_sgs_igp_m_acum_12m.json,data/final/dashboard,.json,43312,0.0413,2026-10-08 17:10:11
bcb_sgs_inadimplencia_pf.json,data/final/dashboard/bcb_sgs_inadimplencia_pf.json,data/final/dashboard,.json,49349,0.0471,2026-10-08 17:10:11
bcb_sgs_inadimplencia_pj.json,data/final/dashboard/bcb_sgs_inadimplencia_pj.json,data/final/dashboard,.json,49398,0.0471,2026-10-08 17:10:11
bcb_sgs_inadimplencia_total.json,data/final/dashboard/bcb_sgs_inadimplencia_total.json,data/final/dashboard,.json,49401,0.0471,2026-10-08 17:10:11
bcb_sgs_inpc.json,data/final/dashboard/bcb_sgs_inpc.json,data/final/dashboard,.json,49740,0.0474,2026-10-08 17:10:11
bcb_sgs_inpc_acum_12m.json,data/final/dashboard/bcb_sgs_inpc_acum_12m.json,data/final/dashboard,.json,42024,0.0401,2026-10-08 17:10:11
bcb_sgs_ipca.json,data/final/dashboard/bcb_sgs_ipca.json,data/final/dashboard,.json,49868,0.0476,2026-10-08 17:10:11
bcb_sgs_ipca_acum_12m.json,data/final/dashboard/bcb_sgs_ipca_acum_12m.json,data/final/dashboard,.json,42009,0.0401,2026-10-08 17:10:11
bcb_sgs_juros_credito_total.json,data/final/dashboard/bcb_sgs_juros_credito_total.json,data/final/dashboard,.json,49823,0.0475,2026-10-08 17:10:11
bcb_sgs_reservas_internacionais.json,data/final/dashboard/bcb_sgs_reservas_internacionais.json,data/final/dashboard,.json,52176,0.0498,2026-10-08 17:10:11
bcb_sgs_saldo_credito_pf.json,data/final/dashboard/bcb_sgs_saldo_credito_pf.json,data/final/dashboard,.json,51723,0.0493,2026-10-08 17:10:11
bcb_sgs_saldo_credito_pj.json,data/final/dashboard/bcb_sgs_saldo_credito_pj.json,data/final/dashboard,.json,51648,0.0493,2026-10-08 17:10:12
bcb_sgs_saldo_credito_total.json,data/final/dashboard/bcb_sgs_saldo_credito_total.json,data/final/dashboard,.json,51712,0.0493,2026-10-08 17:10:12
bcb_sgs_selic_meta.json,data/final/dashboard/bcb_sgs_selic_meta.json,data/final/dashboard,.json,50670,0.0483,2026-10-08 17:10:12
bcb_sgs_selic_over.json,data/final/dashboard/bcb_sgs_selic_over.json,data/final/dashboard,.json,52187,0.0498,2026-10-08 17:10:12
bcb_sgs_var_pct_cambio_compra_usd.json,data/final/dashboard/bcb_sgs_var_pct_cambio_compra_usd.json,data/final/dashboard,.json,52979,0.0505,2026-10-08 17:10:12
bcb_sgs_var_pct_cambio_venda_usd.json,data/final/dashboard/bcb_sgs_var_pct_cambio_venda_usd.json,data/final/dashboard,.json,52958,0.0505,2026-10-08 17:10:12
bcb_sgs_var_pct_ibc_br.json,data/final/dashboard/bcb_sgs_var_pct_ibc_br.json,data/final/dashboard,.json,50399,0.0481,2026-10-08 17:10:12
bcb_sgs_var_pct_ibc_br_sa.json,data/final/dashboard/bcb_sgs_var_pct_ibc_br_sa.json,data/final/dashboard,.json,50290,0.048,2026-10-08 17:10:12
bcb_sgs_var_pct_reservas_internacionais.json,data/final/dashboard/bcb_sgs_var_pct_reservas_internacionais.json,data/final/dashboard,.json,52053,0.0496,2026-10-08 17:10:12
bcb_sgs_var_pct_saldo_credito_pf.json,data/final/dashboard/bcb_sgs_var_pct_saldo_credito_pf.json,data/final/dashboard,.json,50649,0.0483,2026-10-08 17:10:12
bcb_sgs_var_pct_saldo_credito_pj.json,data/final/dashboard/bcb_sgs_var_pct_saldo_credito_pj.json,data/final/dashboard,.json,51017,0.0487,2026-10-08 17:10:12
bcb_sgs_var_pct_saldo_credito_total.json,data/final/dashboard/bcb_sgs_var_pct_saldo_credito_total.json,data/final/dashboard,.json,50917,0.0486,2026-10-08 17:10:12
comexstat_acucares_cana_exp_fob.json,data/final/dashboard/comexstat_acucares_cana_exp_fob.json,data/final/dashboard,.json,73033,0.0696,2026-10-08 17:10:12
comexstat_acucares_cana_exp_kg.json,data/final/dashboard/comexstat_acucares_cana_exp_kg.json,data/final/dashboard,.json,73344,0.0699,2026-10-08 17:10:12
comexstat_acucares_cana_imp_fob.json,data/final/dashboard/comexstat_acucares_cana_imp_fob.json,data/final/dashboard,.json,69840,0.0666,2026-10-08 17:10:12
comexstat_acucares_cana_imp_kg.json,data/final/dashboard/comexstat_acucares_cana_imp_kg.json,data/final/dashboard,.json,69772,0.0665,2026-10-08 17:10:12
comexstat_cafe_nao_torrado_exp_fob.json,data/final/dashboard/comexstat_cafe_nao_torrado_exp_fob.json,data/final/dashboard,.json,72773,0.0694,2026-10-08 17:10:12
comexstat_cafe_nao_torrado_exp_kg.json,data/final/dashboard/comexstat_cafe_nao_torrado_exp_kg.json,data/final/dashboard,.json,72562,0.0692,2026-10-08 17:10:12
comexstat_cafe_nao_torrado_imp_fob.json,data/final/dashboard/comexstat_cafe_nao_torrado_imp_fob.json,data/final/dashboard,.json,20644,0.0197,2026-10-08 17:10:12
comexstat_cafe_nao_torrado_imp_kg.json,data/final/dashboard/comexstat_cafe_nao_torrado_imp_kg.json,data/final/dashboard,.json,20416,0.0195,2026-10-08 17:10:12
comexstat_carne_bovina_congelada_exp_fob.json,data/final/dashboard/comexstat_carne_bovina_congelada_exp_fob.json,data/final/dashboard,.json,72793,0.0694,2026-10-08 17:10:12
comexstat_carne_bovina_congelada_exp_kg.json,data/final/dashboard/comexstat_carne_bovina_congelada_exp_kg.json,data/final/dashboard,.json,72440,0.0691,2026-10-08 17:10:12
comexstat_carne_bovina_congelada_imp_fob.json,data/final/dashboard/comexstat_carne_bovina_congelada_imp_fob.json,data/final/dashboard,.json,71758,0.0684,2026-10-08 17:10:12
comexstat_carne_bovina_congelada_imp_kg.json,data/final/dashboard/comexstat_carne_bovina_congelada_imp_kg.json,data/final/dashboard,.json,71194,0.0679,2026-10-08 17:10:12
comexstat_celulose_nao_coniferas_exp_fob.json,data/final/dashboard/comexstat_celulose_nao_coniferas_exp_fob.json,data/final/dashboard,.json,72620,0.0693,2026-10-08 17:10:12
comexstat_celulose_nao_coniferas_exp_kg.json,data/final/dashboard/comexstat_celulose_nao_coniferas_exp_kg.json,data/final/dashboard,.json,73153,0.0698,2026-10-08 17:10:12
comexstat_celulose_nao_coniferas_imp_fob.json,data/final/dashboard/comexstat_celulose_nao_coniferas_imp_fob.json,data/final/dashboard,.json,62034,0.0592,2026-10-08 17:10:12
comexstat_celulose_nao_coniferas_imp_kg.json,data/final/dashboard/comexstat_celulose_nao_coniferas_imp_kg.json,data/final/dashboard,.json,62097,0.0592,2026-10-08 17:10:12
comexstat_comex_corrente_comercio_usd.json,data/final/dashboard/comexstat_comex_corrente_comercio_usd.json,data/final/dashboard,.json,73698,0.0703,2026-10-08 17:10:12
comexstat_comex_exportacoes_fob_usd.json,data/final/dashboard/comexstat_comex_exportacoes_fob_usd.json,data/final/dashboard,.json,73780,0.0704,2026-10-08 17:10:12
comexstat_comex_exportacoes_kg.json,data/final/dashboard/comexstat_comex_exportacoes_kg.json,data/final/dashboard,.json,73859,0.0704,2026-10-08 17:10:12
comexstat_comex_importacoes_cif_usd.json,data/final/dashboard/comexstat_comex_importacoes_cif_usd.json,data/final/dashboard,.json,73728,0.0703,2026-10-08 17:10:12
comexstat_comex_importacoes_fob_usd.json,data/final/dashboard/comexstat_comex_importacoes_fob_usd.json,data/final/dashboard,.json,73690,0.0703,2026-10-08 17:10:12
comexstat_comex_importacoes_frete_usd.json,data/final/dashboard/comexstat_comex_importacoes_frete_usd.json,data/final/dashboard,.json,72964,0.0696,2026-10-08 17:10:12
comexstat_comex_importacoes_kg.json,data/final/dashboard/comexstat_comex_importacoes_kg.json,data/final/dashboard,.json,73774,0.0704,2026-10-08 17:10:12
comexstat_comex_importacoes_seguro_usd.json,data/final/dashboard/comexstat_comex_importacoes_seguro_usd.json,data/final/dashboard,.json,71608,0.0683,2026-10-08 17:10:12
comexstat_comex_ncm_02023000_carne_bovina_congelada_exportacoes_fob_usd.json,data/final/dashboard/comexstat_comex_ncm_02023000_carne_bovina_congelada_exportacoes_fob_usd.json,data/final/dashboard,.json,71977,0.0686,2026-10-08 17:10:12
comexstat_comex_ncm_02023000_carne_bovina_congelada_exportacoes_kg.json,data/final/dashboard/comexstat_comex_ncm_02023000_carne_bovina_congelada_exportacoes_kg.json,data/final/dashboard,.json,71658,0.0683,2026-10-08 17:10:12
comexstat_comex_ncm_02023000_carne_bovina_congelada_importacoes_fob_usd.json,data/final/dashboard/comexstat_comex_ncm_02023000_carne_bovina_congelada_importacoes_fob_usd.json,data/final/dashboard,.json,70981,0.0677,2026-10-08 17:10:12
comexstat_comex_ncm_02023000_carne_bovina_congelada_importacoes_kg.json,data/final/dashboard/comexstat_comex_ncm_02023000_carne_bovina_congelada_importacoes_kg.json,data/final/dashboard,.json,70433,0.0672,2026-10-08 17:10:12
comexstat_comex_ncm_09011110_cafe_nao_torrado_exportacoes_fob_usd.json,data/final/dashboard/comexstat_comex_ncm_09011110_cafe_nao_torrado_exportacoes_fob_usd.json,data/final/dashboard,.json,71960,0.0686,2026-10-08 17:10:12
comexstat_comex_ncm_09011110_cafe_nao_torrado_exportacoes_kg.json,data/final/dashboard/comexstat_comex_ncm_09011110_cafe_nao_torrado_exportacoes_kg.json,data/final/dashboard,.json,71744,0.0684,2026-10-08 17:10:12
comexstat_comex_ncm_09011110_cafe_nao_torrado_importacoes_fob_usd.json,data/final/dashboard/comexstat_comex_ncm_09011110_cafe_nao_torrado_importacoes_fob_usd.json,data/final/dashboard,.json,20734,0.0198,2026-10-08 17:10:12
comexstat_comex_ncm_09011110_cafe_nao_torrado_importacoes_kg.json,data/final/dashboard/comexstat_comex_ncm_09011110_cafe_nao_torrado_importacoes_kg.json,data/final/dashboard,.json,20494,0.0195,2026-10-08 17:10:12
comexstat_comex_ncm_10059010_milho_em_grao_exportacoes_fob_usd.json,data/final/dashboard/comexstat_comex_ncm_10059010_milho_em_grao_exportacoes_fob_usd.json,data/final/dashboard,.json,72425,0.0691,2026-10-08 17:10:12
comexstat_comex_ncm_10059010_milho_em_grao_exportacoes_kg.json,data/final/dashboard/comexstat_comex_ncm_10059010_milho_em_grao_exportacoes_kg.json,data/final/dashboard,.json,72811,0.0694,2026-10-08 17:10:12
comexstat_comex_ncm_10059010_milho_em_grao_importacoes_fob_usd.json,data/final/dashboard/comexstat_comex_ncm_10059010_milho_em_grao_importacoes_fob_usd.json,data/final/dashboard,.json,71406,0.0681,2026-10-08 17:10:12
comexstat_comex_ncm_10059010_milho_em_grao_importacoes_kg.json,data/final/dashboard/comexstat_comex_ncm_10059010_milho_em_grao_importacoes_kg.json,data/final/dashboard,.json,71916,0.0686,2026-10-08 17:10:12
comexstat_comex_ncm_12019000_soja_exceto_semeadura_exportacoes_fob_usd.json,data/final/dashboard/comexstat_comex_ncm_12019000_soja_exceto_semeadura_exportacoes_fob_usd.json,data/final/dashboard,.json,72844,0.0695,2026-10-08 17:10:12
comexstat_comex_ncm_12019000_soja_exceto_semeadura_exportacoes_kg.json,data/final/dashboard/comexstat_comex_ncm_12019000_soja_exceto_semeadura_exportacoes_kg.json,data/final/dashboard,.json,73203,0.0698,2026-10-08 17:10:12
comexstat_comex_ncm_12019000_soja_exceto_semeadura_importacoes_fob_usd.json,data/final/dashboard/comexstat_comex_ncm_12019000_soja_exceto_semeadura_importacoes_fob_usd.json,data/final/dashboard,.json,68011,0.0649,2026-10-08 17:10:12
comexstat_comex_ncm_12019000_soja_exceto_semeadura_importacoes_kg.json,data/final/dashboard/comexstat_comex_ncm_12019000_soja_exceto_semeadura_importacoes_kg.json,data/final/dashboard,.json,68213,0.0651,2026-10-08 17:10:12
comexstat_comex_ncm_17011400_acucares_cana_exportacoes_fob_usd.json,data/final/dashboard/comexstat_comex_ncm_17011400_acucares_cana_exportacoes_fob_usd.json,data/final/dashboard,.json,72227,0.0689,2026-10-08 17:10:12
comexstat_comex_ncm_17011400_acucares_cana_exportacoes_kg.json,data/final/dashboard/comexstat_comex_ncm_17011400_acucares_cana_exportacoes_kg.json,data/final/dashboard,.json,72554,0.0692,2026-10-08 17:10:12
comexstat_comex_ncm_17011400_acucares_cana_importacoes_fob_usd.json,data/final/dashboard/comexstat_comex_ncm_17011400_acucares_cana_importacoes_fob_usd.json,data/final/dashboard,.json,69113,0.0659,2026-10-08 17:10:12
comexstat_comex_ncm_17011400_acucares_cana_importacoes_kg.json,data/final/dashboard/comexstat_comex_ncm_17011400_acucares_cana_importacoes_kg.json,data/final/dashboard,.json,69014,0.0658,2026-10-08 17:10:12
comexstat_comex_ncm_23040090_residuos_oleo_soja_exportacoes_fob_usd.json,data/final/dashboard/comexstat_comex_ncm_23040090_residuos_oleo_soja_exportacoes_fob_usd.json,data/final/dashboard,.json,71918,0.0686,2026-10-08 17:10:12
comexstat_comex_ncm_23040090_residuos_oleo_soja_exportacoes_kg.json,data/final/dashboard/comexstat_comex_ncm_23040090_residuos_oleo_soja_exportacoes_kg.json,data/final/dashboard,.json,72353,0.069,2026-10-08 17:10:12
comexstat_comex_ncm_23040090_residuos_oleo_soja_importacoes_fob_usd.json,data/final/dashboard/comexstat_comex_ncm_23040090_residuos_oleo_soja_importacoes_fob_usd.json,data/final/dashboard,.json,6146,0.0059,2026-10-08 17:10:12
comexstat_comex_ncm_23040090_residuos_oleo_soja_importacoes_kg.json,data/final/dashboard/comexstat_comex_ncm_23040090_residuos_oleo_soja_importacoes_kg.json,data/final/dashboard,.json,6109,0.0058,2026-10-08 17:10:12
comexstat_comex_ncm_26011100_minerio_ferro_nao_aglomerado_exportacoes_fob_usd.json,data/final/dashboard/comexstat_comex_ncm_26011100_minerio_ferro_nao_aglomerado_exportacoes_fob_usd.json,data/final/dashboard,.json,72533,0.0692,2026-10-08 17:10:12
comexstat_comex_ncm_26011100_minerio_ferro_nao_aglomerado_exportacoes_kg.json,data/final/dashboard/comexstat_comex_ncm_26011100_minerio_ferro_nao_aglomerado_exportacoes_kg.json,data/final/dashboard,.json,73193,0.0698,2026-10-08 17:10:12
comexstat_comex_ncm_26011100_minerio_ferro_nao_aglomerado_importacoes_fob_usd.json,data/final/dashboard/comexstat_comex_ncm_26011100_minerio_ferro_nao_aglomerado_importacoes_fob_usd.json,data/final/dashboard,.json,57713,0.055,2026-10-08 17:10:12
comexstat_comex_ncm_26011100_minerio_ferro_nao_aglomerado_importacoes_kg.json,data/final/dashboard/comexstat_comex_ncm_26011100_minerio_ferro_nao_aglomerado_importacoes_kg.json,data/final/dashboard,.json,57970,0.0553,2026-10-08 17:10:12
comexstat_comex_ncm_27090010_oleos_brutos_petroleo_exportacoes_fob_usd.json,data/final/dashboard/comexstat_comex_ncm_27090010_oleos_brutos_petroleo_exportacoes_fob_usd.json,data/final/dashboard,.json,72608,0.0692,2026-10-08 17:10:12
comexstat_comex_ncm_27090010_oleos_brutos_petroleo_exportacoes_kg.json,data/final/dashboard/comexstat_comex_ncm_27090010_oleos_brutos_petroleo_exportacoes_kg.json,data/final/dashboard,.json,72635,0.0693,2026-10-08 17:10:12
comexstat_comex_ncm_27090010_oleos_brutos_petroleo_importacoes_fob_usd.json,data/final/dashboard/comexstat_comex_ncm_27090010_oleos_brutos_petroleo_importacoes_fob_usd.json,data/final/dashboard,.json,72130,0.0688,2026-10-08 17:10:12
comexstat_comex_ncm_27090010_oleos_brutos_petroleo_importacoes_kg.json,data/final/dashboard/comexstat_comex_ncm_27090010_oleos_brutos_petroleo_importacoes_kg.json,data/final/dashboard,.json,72339,0.069,2026-10-08 17:10:12
comexstat_comex_ncm_27101922_fuel_oil_exportacoes_fob_usd.json,data/final/dashboard/comexstat_comex_ncm_27101922_fuel_oil_exportacoes_fob_usd.json,data/final/dashboard,.json,72058,0.0687,2026-10-08 17:10:12
comexstat_comex_ncm_27101922_fuel_oil_exportacoes_kg.json,data/final/dashboard/comexstat_comex_ncm_27101922_fuel_oil_exportacoes_kg.json,data/final/dashboard,.json,72360,0.069,2026-10-08 17:10:12
comexstat_comex_ncm_27101922_fuel_oil_importacoes_fob_usd.json,data/final/dashboard/comexstat_comex_ncm_27101922_fuel_oil_importacoes_fob_usd.json,data/final/dashboard,.json,39130,0.0373,2026-10-08 17:10:12
comexstat_comex_ncm_27101922_fuel_oil_importacoes_kg.json,data/final/dashboard/comexstat_comex_ncm_27101922_fuel_oil_importacoes_kg.json,data/final/dashboard,.json,39006,0.0372,2026-10-08 17:10:12
comexstat_comex_ncm_47032900_celulose_nao_coniferas_exportacoes_fob_usd.json,data/final/dashboard/comexstat_comex_ncm_47032900_celulose_nao_coniferas_exportacoes_fob_usd.json,data/final/dashboard,.json,71847,0.0685,2026-10-08 17:10:12
comexstat_comex_ncm_47032900_celulose_nao_coniferas_exportacoes_kg.json,data/final/dashboard/comexstat_comex_ncm_47032900_celulose_nao_coniferas_exportacoes_kg.json,data/final/dashboard,.json,72344,0.069,2026-10-08 17:10:12
comexstat_comex_ncm_47032900_celulose_nao_coniferas_importacoes_fob_usd.json,data/final/dashboard/comexstat_comex_ncm_47032900_celulose_nao_coniferas_importacoes_fob_usd.json,data/final/dashboard,.json,61291,0.0585,2026-10-08 17:10:12
comexstat_comex_ncm_47032900_celulose_nao_coniferas_importacoes_kg.json,data/final/dashboard/comexstat_comex_ncm_47032900_celulose_nao_coniferas_importacoes_kg.json,data/final/dashboard,.json,61304,0.0585,2026-10-08 17:10:12
comexstat_comex_saldo_comercial_usd.json,data/final/dashboard/comexstat_comex_saldo_comercial_usd.json,data/final/dashboard,.json,73882,0.0705,2026-10-08 17:10:12
comexstat_fuel_oil_exp_fob.json,data/final/dashboard/comexstat_fuel_oil_exp_fob.json,data/final/dashboard,.json,72843,0.0695,2026-10-08 17:10:12
comexstat_fuel_oil_exp_kg.json,data/final/dashboard/comexstat_fuel_oil_exp_kg.json,data/final/dashboard,.json,73161,0.0698,2026-10-08 17:10:12
comexstat_fuel_oil_imp_fob.json,data/final/dashboard/comexstat_fuel_oil_imp_fob.json,data/final/dashboard,.json,39040,0.0372,2026-10-08 17:10:12
comexstat_fuel_oil_imp_kg.json,data/final/dashboard/comexstat_fuel_oil_imp_kg.json,data/final/dashboard,.json,38928,0.0371,2026-10-08 17:10:12
comexstat_milho_em_grao_exp_fob.json,data/final/dashboard/comexstat_milho_em_grao_exp_fob.json,data/final/dashboard,.json,73199,0.0698,2026-10-08 17:10:12
comexstat_milho_em_grao_exp_kg.json,data/final/dashboard/comexstat_milho_em_grao_exp_kg.json,data/final/dashboard,.json,73609,0.0702,2026-10-08 17:10:12
comexstat_milho_em_grao_imp_fob.json,data/final/dashboard/comexstat_milho_em_grao_imp_fob.json,data/final/dashboard,.json,72210,0.0689,2026-10-08 17:10:12
comexstat_milho_em_grao_imp_kg.json,data/final/dashboard/comexstat_milho_em_grao_imp_kg.json,data/final/dashboard,.json,72732,0.0694,2026-10-08 17:10:12
comexstat_minerio_ferro_nao_aglomerado_exp_fob.json,data/final/dashboard/comexstat_minerio_ferro_nao_aglomerado_exp_fob.json,data/final/dashboard,.json,73333,0.0699,2026-10-08 17:10:12
comexstat_minerio_ferro_nao_aglomerado_exp_kg.json,data/final/dashboard/comexstat_minerio_ferro_nao_aglomerado_exp_kg.json,data/final/dashboard,.json,74023,0.0706,2026-10-08 17:10:12
comexstat_minerio_ferro_nao_aglomerado_imp_fob.json,data/final/dashboard/comexstat_minerio_ferro_nao_aglomerado_imp_fob.json,data/final/dashboard,.json,58495,0.0558,2026-10-08 17:10:12
comexstat_minerio_ferro_nao_aglomerado_imp_kg.json,data/final/dashboard/comexstat_minerio_ferro_nao_aglomerado_imp_kg.json,data/final/dashboard,.json,58772,0.056,2026-10-08 17:10:12
comexstat_oleos_brutos_petroleo_exp_fob.json,data/final/dashboard/comexstat_oleos_brutos_petroleo_exp_fob.json,data/final/dashboard,.json,73367,0.07,2026-10-08 17:10:12
comexstat_oleos_brutos_petroleo_exp_kg.json,data/final/dashboard/comexstat_oleos_brutos_petroleo_exp_kg.json,data/final/dashboard,.json,73472,0.0701,2026-10-08 17:10:12
comexstat_oleos_brutos_petroleo_imp_fob.json,data/final/dashboard/comexstat_oleos_brutos_petroleo_imp_fob.json,data/final/dashboard,.json,72901,0.0695,2026-10-08 17:10:12
comexstat_oleos_brutos_petroleo_imp_kg.json,data/final/dashboard/comexstat_oleos_brutos_petroleo_imp_kg.json,data/final/dashboard,.json,73101,0.0697,2026-10-08 17:10:12
comexstat_residuos_oleo_soja_exp_fob.json,data/final/dashboard/comexstat_residuos_oleo_soja_exp_fob.json,data/final/dashboard,.json,72680,0.0693,2026-10-08 17:10:12
comexstat_residuos_oleo_soja_exp_kg.json,data/final/dashboard/comexstat_residuos_oleo_soja_exp_kg.json,data/final/dashboard,.json,73178,0.0698,2026-10-08 17:10:12
comexstat_residuos_oleo_soja_imp_fob.json,data/final/dashboard/comexstat_residuos_oleo_soja_imp_fob.json,data/final/dashboard,.json,6056,0.0058,2026-10-08 17:10:12
comexstat_residuos_oleo_soja_imp_kg.json,data/final/dashboard/comexstat_residuos_oleo_soja_imp_kg.json,data/final/dashboard,.json,6031,0.0058,2026-10-08 17:10:12
comexstat_soja_exceto_semeadura_exp_fob.json,data/final/dashboard/comexstat_soja_exceto_semeadura_exp_fob.json,data/final/dashboard,.json,73630,0.0702,2026-10-08 17:10:12
comexstat_soja_exceto_semeadura_exp_kg.json,data/final/dashboard/comexstat_soja_exceto_semeadura_exp_kg.json,data/final/dashboard,.json,74023,0.0706,2026-10-08 17:10:12
comexstat_soja_exceto_semeadura_imp_fob.json,data/final/dashboard/comexstat_soja_exceto_semeadura_imp_fob.json,data/final/dashboard,.json,68797,0.0656,2026-10-08 17:10:12
comexstat_soja_exceto_semeadura_imp_kg.json,data/final/dashboard/comexstat_soja_exceto_semeadura_imp_kg.json,data/final/dashboard,.json,68967,0.0658,2026-10-08 17:10:12
yahoo_bova11.json,data/final/dashboard/yahoo_bova11.json,data/final/dashboard,.json,53205,0.0507,2026-10-08 17:10:12
yahoo_dolar_real.json,data/final/dashboard/yahoo_dolar_real.json,data/final/dashboard,.json,52041,0.0496,2026-10-08 17:10:12
yahoo_dow_jones.json,data/final/dashboard/yahoo_dow_jones.json,data/final/dashboard,.json,54497,0.052,2026-10-08 17:10:13
yahoo_euro_real.json,data/final/dashboard/yahoo_euro_real.json,data/final/dashboard,.json,52196,0.0498,2026-10-08 17:10:13
yahoo_ibovespa.json,data/final/dashboard/yahoo_ibovespa.json,data/final/dashboard,.json,53038,0.0506,2026-10-08 17:10:13
yahoo_ivvb11.json,data/final/dashboard/yahoo_ivvb11.json,data/final/dashboard,.json,53129,0.0507,2026-10-08 17:10:13
yahoo_milho.json,data/final/dashboard/yahoo_milho.json,data/final/dashboard,.json,51941,0.0495,2026-10-08 17:10:13
yahoo_nasdaq.json,data/final/dashboard/yahoo_nasdaq.json,data/final/dashboard,.json,54566,0.052,2026-10-08 17:10:13
yahoo_ouro.json,data/final/dashboard/yahoo_ouro.json,data/final/dashboard,.json,53706,0.0512,2026-10-08 17:10:13
yahoo_petroleo_brent.json,data/final/dashboard/yahoo_petroleo_brent.json,data/final/dashboard,.json,53219,0.0508,2026-10-08 17:10:13
yahoo_petroleo_wti.json,data/final/dashboard/yahoo_petroleo_wti.json,data/final/dashboard,.json,53039,0.0506,2026-10-08 17:10:13
yahoo_ret_bova11.json,data/final/dashboard/yahoo_ret_bova11.json,data/final/dashboard,.json,52892,0.0504,2026-10-08 17:10:13
yahoo_ret_dolar_real.json,data/final/dashboard/yahoo_ret_dolar_real.json,data/final/dashboard,.json,52934,0.0505,2026-10-08 17:10:13
yahoo_ret_dow_jones.json,data/final/dashboard/yahoo_ret_dow_jones.json,data/final/dashboard,.json,52809,0.0504,2026-10-08 17:10:13
yahoo_ret_euro_real.json,data/final/dashboard/yahoo_ret_euro_real.json,data/final/dashboard,.json,52850,0.0504,2026-10-08 17:10:13
yahoo_ret_ibovespa.json,data/final/dashboard/yahoo_ret_ibovespa.json,data/final/dashboard,.json,52863,0.0504,2026-10-08 17:10:13
yahoo_ret_ivvb11.json,data/final/dashboard/yahoo_ret_ivvb11.json,data/final/dashboard,.json,52659,0.0502,2026-10-08 17:10:13
yahoo_ret_milho.json,data/final/dashboard/yahoo_ret_milho.json,data/final/dashboard,.json,52934,0.0505,2026-10-08 17:10:13
yahoo_ret_nasdaq.json,data/final/dashboard/yahoo_ret_nasdaq.json,data/final/dashboard,.json,52876,0.0504,2026-10-08 17:10:13
yahoo_ret_ouro.json,data/final/dashboard/yahoo_ret_ouro.json,data/final/dashboard,.json,52741,0.0503,2026-10-08 17:10:13
yahoo_ret_petroleo_brent.json,data/final/dashboard/yahoo_ret_petroleo_brent.json,data/final/dashboard,.json,53077,0.0506,2026-10-08 17:10:13
yahoo_ret_petroleo_wti.json,data/final/dashboard/yahoo_ret_petroleo_wti.json,data/final/dashboard,.json,53040,0.0506,2026-10-08 17:10:13
yahoo_ret_smal11.json,data/final/dashboard/yahoo_ret_smal11.json,data/final/dashboard,.json,52985,0.0505,2026-10-08 17:10:13
yahoo_ret_soja.json,data/final/dashboard/yahoo_ret_soja.json,data/final/dashboard,.json,52903,0.0505,2026-10-08 17:10:13
yahoo_ret_sp500.json,data/final/dashboard/yahoo_ret_sp500.json,data/final/dashboard,.json,52849,0.0504,2026-10-08 17:10:13
yahoo_smal11.json,data/final/dashboard/yahoo_smal11.json,data/final/dashboard,.json,53098,0.0506,2026-10-08 17:10:13
yahoo_soja.json,data/final/dashboard/yahoo_soja.json,data/final/dashboard,.json,52330,0.0499,2026-10-08 17:10:13
yahoo_sp500.json,data/final/dashboard/yahoo_sp500.json,data/final/dashboard,.json,53968,0.0515,2026-10-08 17:10:13
dicionario_variaveis_consolidado.csv,data/final/documentacao/dicionario_variaveis_consolidado.csv,data/final/documentacao,.csv,25830,0.0246,2026-10-08 17:10:11
dicionario_variaveis_consolidado.json,data/final/documentacao/dicionario_variaveis_consolidado.json,data/final/documentacao,.json,73072,0.0697,2026-10-08 17:10:11
dicionario_variaveis_consolidado.parquet,data/final/documentacao/dicionario_variaveis_consolidado.parquet,data/final/documentacao,.parquet,15532,0.0148,2026-10-08 17:10:11
dicionario_variaveis_consolidado.xlsx,data/final/documentacao/dicionario_variaveis_consolidado.xlsx,data/final/documentacao,.xlsx,14607,0.0139,2026-10-08 17:10:11
lista_arquivos_disponiveis.csv,data/final/documentacao/lista_arquivos_disponiveis.csv,data/final/documentacao,.csv,85030,0.0811,2026-10-08 17:07:05
lista_arquivos_disponiveis.xlsx,data/final/documentacao/lista_arquivos_disponiveis.xlsx,data/final/documentacao,.xlsx,27238,0.026,2026-10-08 17:07:05
lista_dashboards.csv,data/final/documentacao/lista_dashboards.csv,data/final/documentacao,.csv,38209,0.0364,2026-10-08 17:10:13
lista_dashboards.xlsx,data/final/documentacao/lista_dashboards.xlsx,data/final/documentacao,.xlsx,14944,0.0143,2026-10-08 17:10:13
lista_series_individuais.csv,data/final/documentacao/lista_series_individuais.csv,data/final/documentacao,.csv,20560,0.0196,2026-10-08 17:10:11
lista_series_individuais.xlsx,data/final/documentacao/lista_series_individuais.xlsx,data/final/documentacao,.xlsx,10423,0.0099,2026-10-08 17:10:11
resumo_site.json,data/final/documentacao/resumo_site.json,data/final/documentacao,.json,697,0.0007,2026-10-08 17:07:05
ultima_atualizacao.json,data/final/documentacao/ultima_atualizacao.json,data/final/documentacao,.json,311,0.0003,2026-10-08 17:07:05
bcb_sgs_cambio_compra_usd.csv,data/final/series/bcb_sgs_cambio_compra_usd.csv,data/final/series,.csv,1105,0.0011,2026-10-08 17:10:11
bcb_sgs_cambio_compra_usd.xlsx,data/final/series/bcb_sgs_cambio_compra_usd.xlsx,data/final/series,.xlsx,5878,0.0056,2026-10-08 17:10:11
bcb_sgs_cambio_venda_usd.csv,data/final/series/bcb_sgs_cambio_venda_usd.csv,data/final/series,.csv,1108,0.0011,2026-10-08 17:10:11
bcb_sgs_cambio_venda_usd.xlsx,data/final/series/bcb_sgs_cambio_venda_usd.xlsx,data/final/series,.xlsx,5887,0.0056,2026-10-08 17:10:11
bcb_sgs_cdi.csv,data/final/series/bcb_sgs_cdi.csv,data/final/series,.csv,1225,0.0012,2026-10-08 17:10:11
bcb_sgs_cdi.xlsx,data/final/series/bcb_sgs_cdi.xlsx,data/final/series,.xlsx,5815,0.0055,2026-10-08 17:10:11
bcb_sgs_dif_cdi.csv,data/final/series/bcb_sgs_dif_cdi.csv,data/final/series,.csv,1138,0.0011,2026-10-08 17:10:11
bcb_sgs_dif_cdi.xlsx,data/final/series/bcb_sgs_dif_cdi.xlsx,data/final/series,.xlsx,5818,0.0055,2026-10-08 17:10:11
bcb_sgs_dif_inadimplencia_pf.csv,data/final/series/bcb_sgs_dif_inadimplencia_pf.csv,data/final/series,.csv,954,0.0009,2026-10-08 17:10:11
bcb_sgs_dif_inadimplencia_pf.xlsx,data/final/series/bcb_sgs_dif_inadimplencia_pf.xlsx,data/final/series,.xlsx,5735,0.0055,2026-10-08 17:10:11
bcb_sgs_dif_inadimplencia_pj.csv,data/final/series/bcb_sgs_dif_inadimplencia_pj.csv,data/final/series,.csv,953,0.0009,2026-10-08 17:10:11
bcb_sgs_dif_inadimplencia_pj.xlsx,data/final/series/bcb_sgs_dif_inadimplencia_pj.xlsx,data/final/series,.xlsx,5738,0.0055,2026-10-08 17:10:11
bcb_sgs_dif_inadimplencia_total.csv,data/final/series/bcb_sgs_dif_inadimplencia_total.csv,data/final/series,.csv,955,0.0009,2026-10-08 17:10:11
bcb_sgs_dif_inadimplencia_total.xlsx,data/final/series/bcb_sgs_dif_inadimplencia_total.xlsx,data/final/series,.xlsx,5734,0.0055,2026-10-08 17:10:11
bcb_sgs_dif_juros_credito_total.csv,data/final/series/bcb_sgs_dif_juros_credito_total.csv,data/final/series,.csv,960,0.0009,2026-10-08 17:10:11
bcb_sgs_dif_juros_credito_total.xlsx,data/final/series/bcb_sgs_dif_juros_credito_total.xlsx,data/final/series,.xlsx,5767,0.0055,2026-10-08 17:10:11
bcb_sgs_dif_selic_meta.csv,data/final/series/bcb_sgs_dif_selic_meta.csv,data/final/series,.csv,934,0.0009,2026-10-08 17:10:11
bcb_sgs_dif_selic_meta.xlsx,data/final/series/bcb_sgs_dif_selic_meta.xlsx,data/final/series,.xlsx,5663,0.0054,2026-10-08 17:10:11
bcb_sgs_dif_selic_over.csv,data/final/series/bcb_sgs_dif_selic_over.csv,data/final/series,.csv,1138,0.0011,2026-10-08 17:10:11
bcb_sgs_dif_selic_over.xlsx,data/final/series/bcb_sgs_dif_selic_over.xlsx,data/final/series,.xlsx,5818,0.0055,2026-10-08 17:10:11
bcb_sgs_ibc_br.csv,data/final/series/bcb_sgs_ibc_br.csv,data/final/series,.csv,1215,0.0012,2026-10-08 17:10:11
bcb_sgs_ibc_br.xlsx,data/final/series/bcb_sgs_ibc_br.xlsx,data/final/series,.xlsx,5939,0.0057,2026-10-08 17:10:11
bcb_sgs_ibc_br_sa.csv,data/final/series/bcb_sgs_ibc_br_sa.csv,data/final/series,.csv,1210,0.0012,2026-10-08 17:10:11
bcb_sgs_ibc_br_sa.xlsx,data/final/series/bcb_sgs_ibc_br_sa.xlsx,data/final/series,.xlsx,5894,0.0056,2026-10-08 17:10:11
bcb_sgs_igp_m.csv,data/final/series/bcb_sgs_igp_m.csv,data/final/series,.csv,992,0.0009,2026-10-08 17:10:11
bcb_sgs_igp_m.xlsx,data/final/series/bcb_sgs_igp_m.xlsx,data/final/series,.xlsx,5810,0.0055,2026-10-08 17:10:11
bcb_sgs_igp_m_acum_12m.csv,data/final/series/bcb_sgs_igp_m_acum_12m.csv,data/final/series,.csv,1007,0.001,2026-10-08 17:10:11
bcb_sgs_igp_m_acum_12m.xlsx,data/final/series/bcb_sgs_igp_m_acum_12m.xlsx,data/final/series,.xlsx,5810,0.0055,2026-10-08 17:10:11
bcb_sgs_inadimplencia_pf.csv,data/final/series/bcb_sgs_inadimplencia_pf.csv,data/final/series,.csv,955,0.0009,2026-10-08 17:10:11
bcb_sgs_inadimplencia_pf.xlsx,data/final/series/bcb_sgs_inadimplencia_pf.xlsx,data/final/series,.xlsx,5769,0.0055,2026-10-08 17:10:11
bcb_sgs_inadimplencia_pj.csv,data/final/series/bcb_sgs_inadimplencia_pj.csv,data/final/series,.csv,951,0.0009,2026-10-08 17:10:11
bcb_sgs_inadimplencia_pj.xlsx,data/final/series/bcb_sgs_inadimplencia_pj.xlsx,data/final/series,.xlsx,5750,0.0055,2026-10-08 17:10:11
bcb_sgs_inadimplencia_total.csv,data/final/series/bcb_sgs_inadimplencia_total.csv,data/final/series,.csv,954,0.0009,2026-10-08 17:10:11
bcb_sgs_inadimplencia_total.xlsx,data/final/series/bcb_sgs_inadimplencia_total.xlsx,data/final/series,.xlsx,5751,0.0055,2026-10-08 17:10:11
bcb_sgs_inpc.csv,data/final/series/bcb_sgs_inpc.csv,data/final/series,.csv,961,0.0009,2026-10-08 17:10:11
bcb_sgs_inpc.xlsx,data/final/series/bcb_sgs_inpc.xlsx,data/final/series,.xlsx,5779,0.0055,2026-10-08 17:10:11
bcb_sgs_inpc_acum_12m.csv,data/final/series/bcb_sgs_inpc_acum_12m.csv,data/final/series,.csv,972,0.0009,2026-10-08 17:10:11
bcb_sgs_inpc_acum_12m.xlsx,data/final/series/bcb_sgs_inpc_acum_12m.xlsx,data/final/series,.xlsx,5753,0.0055,2026-10-08 17:10:11
bcb_sgs_ipca.csv,data/final/series/bcb_sgs_ipca.csv,data/final/series,.csv,964,0.0009,2026-10-08 17:10:11
bcb_sgs_ipca.xlsx,data/final/series/bcb_sgs_ipca.xlsx,data/final/series,.xlsx,5773,0.0055,2026-10-08 17:10:11
bcb_sgs_ipca_acum_12m.csv,data/final/series/bcb_sgs_ipca_acum_12m.csv,data/final/series,.csv,969,0.0009,2026-10-08 17:10:11
bcb_sgs_ipca_acum_12m.xlsx,data/final/series/bcb_sgs_ipca_acum_12m.xlsx,data/final/series,.xlsx,5743,0.0055,2026-10-08 17:10:11
bcb_sgs_juros_credito_total.csv,data/final/series/bcb_sgs_juros_credito_total.csv,data/final/series,.csv,1012,0.001,2026-10-08 17:10:11
bcb_sgs_juros_credito_total.xlsx,data/final/series/bcb_sgs_juros_credito_total.xlsx,data/final/series,.xlsx,5793,0.0055,2026-10-08 17:10:11
bcb_sgs_reservas_internacionais.csv,data/final/series/bcb_sgs_reservas_internacionais.csv,data/final/series,.csv,1214,0.0012,2026-10-08 17:10:11
bcb_sgs_reservas_internacionais.xlsx,data/final/series/bcb_sgs_reservas_internacionais.xlsx,data/final/series,.xlsx,5880,0.0056,2026-10-08 17:10:11
bcb_sgs_saldo_credito_pf.csv,data/final/series/bcb_sgs_saldo_credito_pf.csv,data/final/series,.csv,1253,0.0012,2026-10-08 17:10:11
bcb_sgs_saldo_credito_pf.xlsx,data/final/series/bcb_sgs_saldo_credito_pf.xlsx,data/final/series,.xlsx,5908,0.0056,2026-10-08 17:10:11
bcb_sgs_saldo_credito_pj.csv,data/final/series/bcb_sgs_saldo_credito_pj.csv,data/final/series,.csv,1253,0.0012,2026-10-08 17:10:11
bcb_sgs_saldo_credito_pj.xlsx,data/final/series/bcb_sgs_saldo_credito_pj.xlsx,data/final/series,.xlsx,5894,0.0056,2026-10-08 17:10:11
bcb_sgs_saldo_credito_total.csv,data/final/series/bcb_sgs_saldo_credito_total.csv,data/final/series,.csv,1253,0.0012,2026-10-08 17:10:11
bcb_sgs_saldo_credito_total.xlsx,data/final/series/bcb_sgs_saldo_credito_total.xlsx,data/final/series,.xlsx,5915,0.0056,2026-10-08 17:10:11
bcb_sgs_selic_meta.csv,data/final/series/bcb_sgs_selic_meta.csv,data/final/series,.csv,1031,0.001,2026-10-08 17:10:11
bcb_sgs_selic_meta.xlsx,data/final/series/bcb_sgs_selic_meta.xlsx,data/final/series,.xlsx,5685,0.0054,2026-10-08 17:10:11
bcb_sgs_selic_over.csv,data/final/series/bcb_sgs_selic_over.csv,data/final/series,.csv,1225,0.0012,2026-10-08 17:10:11
bcb_sgs_selic_over.xlsx,data/final/series/bcb_sgs_selic_over.xlsx,data/final/series,.xlsx,5815,0.0055,2026-10-08 17:10:11
bcb_sgs_var_pct_cambio_compra_usd.csv,data/final/series/bcb_sgs_var_pct_cambio_compra_usd.csv,data/final/series,.csv,1238,0.0012,2026-10-08 17:10:11
bcb_sgs_var_pct_cambio_compra_usd.xlsx,data/final/series/bcb_sgs_var_pct_cambio_compra_usd.xlsx,data/final/series,.xlsx,5972,0.0057,2026-10-08 17:10:11
bcb_sgs_var_pct_cambio_venda_usd.csv,data/final/series/bcb_sgs_var_pct_cambio_venda_usd.csv,data/final/series,.csv,1240,0.0012,2026-10-08 17:10:11
bcb_sgs_var_pct_cambio_venda_usd.xlsx,data/final/series/bcb_sgs_var_pct_cambio_venda_usd.xlsx,data/final/series,.xlsx,5982,0.0057,2026-10-08 17:10:11
bcb_sgs_var_pct_ibc_br.csv,data/final/series/bcb_sgs_var_pct_ibc_br.csv,data/final/series,.csv,1182,0.0011,2026-10-08 17:10:11
bcb_sgs_var_pct_ibc_br.xlsx,data/final/series/bcb_sgs_var_pct_ibc_br.xlsx,data/final/series,.xlsx,5935,0.0057,2026-10-08 17:10:11
bcb_sgs_var_pct_ibc_br_sa.csv,data/final/series/bcb_sgs_var_pct_ibc_br_sa.csv,data/final/series,.csv,1167,0.0011,2026-10-08 17:10:11
bcb_sgs_var_pct_ibc_br_sa.xlsx,data/final/series/bcb_sgs_var_pct_ibc_br_sa.xlsx,data/final/series,.xlsx,5897,0.0056,2026-10-08 17:10:11
bcb_sgs_var_pct_reservas_internacionais.csv,data/final/series/bcb_sgs_var_pct_reservas_internacionais.csv,data/final/series,.csv,1216,0.0012,2026-10-08 17:10:11
bcb_sgs_var_pct_reservas_internacionais.xlsx,data/final/series/bcb_sgs_var_pct_reservas_internacionais.xlsx,data/final/series,.xlsx,5967,0.0057,2026-10-08 17:10:11
bcb_sgs_var_pct_saldo_credito_pf.csv,data/final/series/bcb_sgs_var_pct_saldo_credito_pf.csv,data/final/series,.csv,1168,0.0011,2026-10-08 17:10:11
bcb_sgs_var_pct_saldo_credito_pf.xlsx,data/final/series/bcb_sgs_var_pct_saldo_credito_pf.xlsx,data/final/series,.xlsx,5928,0.0057,2026-10-08 17:10:11
bcb_sgs_var_pct_saldo_credito_pj.csv,data/final/series/bcb_sgs_var_pct_saldo_credito_pj.csv,data/final/series,.csv,1187,0.0011,2026-10-08 17:10:11
bcb_sgs_var_pct_saldo_credito_pj.xlsx,data/final/series/bcb_sgs_var_pct_saldo_credito_pj.xlsx,data/final/series,.xlsx,5940,0.0057,2026-10-08 17:10:11
bcb_sgs_var_pct_saldo_credito_total.csv,data/final/series/bcb_sgs_var_pct_saldo_credito_total.csv,data/final/series,.csv,1174,0.0011,2026-10-08 17:10:11
bcb_sgs_var_pct_saldo_credito_total.xlsx,data/final/series/bcb_sgs_var_pct_saldo_credito_total.xlsx,data/final/series,.xlsx,5928,0.0057,2026-10-08 17:10:11
comexstat_acucares_cana_exp_fob.csv,data/final/series/comexstat_acucares_cana_exp_fob.csv,data/final/series,.csv,1907,0.0018,2026-10-08 17:10:11
comexstat_acucares_cana_exp_fob.xlsx,data/final/series/comexstat_acucares_cana_exp_fob.xlsx,data/final/series,.xlsx,6419,0.0061,2026-10-08 17:10:11
comexstat_acucares_cana_exp_kg.csv,data/final/series/comexstat_acucares_cana_exp_kg.csv,data/final/series,.csv,1955,0.0019,2026-10-08 17:10:11
comexstat_acucares_cana_exp_kg.xlsx,data/final/series/comexstat_acucares_cana_exp_kg.xlsx,data/final/series,.xlsx,6436,0.0061,2026-10-08 17:10:11
comexstat_acucares_cana_imp_fob.csv,data/final/series/comexstat_acucares_cana_imp_fob.csv,data/final/series,.csv,1580,0.0015,2026-10-08 17:10:11
comexstat_acucares_cana_imp_fob.xlsx,data/final/series/comexstat_acucares_cana_imp_fob.xlsx,data/final/series,.xlsx,6204,0.0059,2026-10-08 17:10:11
comexstat_acucares_cana_imp_kg.csv,data/final/series/comexstat_acucares_cana_imp_kg.csv,data/final/series,.csv,1573,0.0015,2026-10-08 17:10:11
comexstat_acucares_cana_imp_kg.xlsx,data/final/series/comexstat_acucares_cana_imp_kg.xlsx,data/final/series,.xlsx,6155,0.0059,2026-10-08 17:10:11
comexstat_cafe_nao_torrado_exp_fob.csv,data/final/series/comexstat_cafe_nao_torrado_exp_fob.csv,data/final/series,.csv,1896,0.0018,2026-10-08 17:10:11
comexstat_cafe_nao_torrado_exp_fob.xlsx,data/final/series/comexstat_cafe_nao_torrado_exp_fob.xlsx,data/final/series,.xlsx,6417,0.0061,2026-10-08 17:10:11
comexstat_cafe_nao_torrado_exp_kg.csv,data/final/series/comexstat_cafe_nao_torrado_exp_kg.csv,data/final/series,.csv,1877,0.0018,2026-10-08 17:10:11
comexstat_cafe_nao_torrado_exp_kg.xlsx,data/final/series/comexstat_cafe_nao_torrado_exp_kg.xlsx,data/final/series,.xlsx,6369,0.0061,2026-10-08 17:10:11
comexstat_cafe_nao_torrado_imp_fob.csv,data/final/series/comexstat_cafe_nao_torrado_imp_fob.csv,data/final/series,.csv,457,0.0004,2026-10-08 17:10:11
comexstat_cafe_nao_torrado_imp_fob.xlsx,data/final/series/comexstat_cafe_nao_torrado_imp_fob.xlsx,data/final/series,.xlsx,5308,0.0051,2026-10-08 17:10:11
comexstat_cafe_nao_torrado_imp_kg.csv,data/final/series/comexstat_cafe_nao_torrado_imp_kg.csv,data/final/series,.csv,441,0.0004,2026-10-08 17:10:11
comexstat_cafe_nao_torrado_imp_kg.xlsx,data/final/series/comexstat_cafe_nao_torrado_imp_kg.xlsx,data/final/series,.xlsx,5276,0.005,2026-10-08 17:10:11
comexstat_carne_bovina_congelada_exp_fob.csv,data/final/series/comexstat_carne_bovina_congelada_exp_fob.csv,data/final/series,.csv,1897,0.0018,2026-10-08 17:10:11
comexstat_carne_bovina_congelada_exp_fob.xlsx,data/final/series/comexstat_carne_bovina_congelada_exp_fob.xlsx,data/final/series,.xlsx,6420,0.0061,2026-10-08 17:10:11
comexstat_carne_bovina_congelada_exp_kg.csv,data/final/series/comexstat_carne_bovina_congelada_exp_kg.csv,data/final/series,.csv,1871,0.0018,2026-10-08 17:10:11
comexstat_carne_bovina_congelada_exp_kg.xlsx,data/final/series/comexstat_carne_bovina_congelada_exp_kg.xlsx,data/final/series,.xlsx,6358,0.0061,2026-10-08 17:10:11
comexstat_carne_bovina_congelada_imp_fob.csv,data/final/series/comexstat_carne_bovina_congelada_imp_fob.csv,data/final/series,.csv,1772,0.0017,2026-10-08 17:10:11
comexstat_carne_bovina_congelada_imp_fob.xlsx,data/final/series/comexstat_carne_bovina_congelada_imp_fob.xlsx,data/final/series,.xlsx,6316,0.006,2026-10-08 17:10:11
comexstat_carne_bovina_congelada_imp_kg.csv,data/final/series/comexstat_carne_bovina_congelada_imp_kg.csv,data/final/series,.csv,1701,0.0016,2026-10-08 17:10:11
comexstat_carne_bovina_congelada_imp_kg.xlsx,data/final/series/comexstat_carne_bovina_congelada_imp_kg.xlsx,data/final/series,.xlsx,6270,0.006,2026-10-08 17:10:11
comexstat_celulose_nao_coniferas_exp_fob.csv,data/final/series/comexstat_celulose_nao_coniferas_exp_fob.csv,data/final/series,.csv,1877,0.0018,2026-10-08 17:10:11
comexstat_celulose_nao_coniferas_exp_fob.xlsx,data/final/series/comexstat_celulose_nao_coniferas_exp_fob.xlsx,data/final/series,.xlsx,6405,0.0061,2026-10-08 17:10:11
comexstat_celulose_nao_coniferas_exp_kg.csv,data/final/series/comexstat_celulose_nao_coniferas_exp_kg.csv,data/final/series,.csv,1958,0.0019,2026-10-08 17:10:11
comexstat_celulose_nao_coniferas_exp_kg.xlsx,data/final/series/comexstat_celulose_nao_coniferas_exp_kg.xlsx,data/final/series,.xlsx,6419,0.0061,2026-10-08 17:10:11
comexstat_celulose_nao_coniferas_imp_fob.csv,data/final/series/comexstat_celulose_nao_coniferas_imp_fob.csv,data/final/series,.csv,1392,0.0013,2026-10-08 17:10:11
comexstat_celulose_nao_coniferas_imp_fob.xlsx,data/final/series/comexstat_celulose_nao_coniferas_imp_fob.xlsx,data/final/series,.xlsx,6065,0.0058,2026-10-08 17:10:11
comexstat_celulose_nao_coniferas_imp_kg.csv,data/final/series/comexstat_celulose_nao_coniferas_imp_kg.csv,data/final/series,.csv,1395,0.0013,2026-10-08 17:10:11
comexstat_celulose_nao_coniferas_imp_kg.xlsx,data/final/series/comexstat_celulose_nao_coniferas_imp_kg.xlsx,data/final/series,.xlsx,6007,0.0057,2026-10-08 17:10:11
comexstat_comex_corrente_comercio_usd.csv,data/final/series/comexstat_comex_corrente_comercio_usd.csv,data/final/series,.csv,2039,0.0019,2026-10-08 17:10:11
comexstat_comex_corrente_comercio_usd.xlsx,data/final/series/comexstat_comex_corrente_comercio_usd.xlsx,data/final/series,.xlsx,6486,0.0062,2026-10-08 17:10:11
comexstat_comex_exportacoes_fob_usd.csv,data/final/series/comexstat_comex_exportacoes_fob_usd.csv,data/final/series,.csv,2039,0.0019,2026-10-08 17:10:11
comexstat_comex_exportacoes_fob_usd.xlsx,data/final/series/comexstat_comex_exportacoes_fob_usd.xlsx,data/final/series,.xlsx,6492,0.0062,2026-10-08 17:10:11
comexstat_comex_exportacoes_kg.csv,data/final/series/comexstat_comex_exportacoes_kg.csv,data/final/series,.csv,2039,0.0019,2026-10-08 17:10:11
comexstat_comex_exportacoes_kg.xlsx,data/final/series/comexstat_comex_exportacoes_kg.xlsx,data/final/series,.xlsx,6507,0.0062,2026-10-08 17:10:11
comexstat_comex_importacoes_cif_usd.csv,data/final/series/comexstat_comex_importacoes_cif_usd.csv,data/final/series,.csv,2039,0.0019,2026-10-08 17:10:11
comexstat_comex_importacoes_cif_usd.xlsx,data/final/series/comexstat_comex_importacoes_cif_usd.xlsx,data/final/series,.xlsx,6475,0.0062,2026-10-08 17:10:11
comexstat_comex_importacoes_fob_usd.csv,data/final/series/comexstat_comex_importacoes_fob_usd.csv,data/final/series,.csv,2039,0.0019,2026-10-08 17:10:11
comexstat_comex_importacoes_fob_usd.xlsx,data/final/series/comexstat_comex_importacoes_fob_usd.xlsx,data/final/series,.xlsx,6484,0.0062,2026-10-08 17:10:11
comexstat_comex_importacoes_frete_usd.csv,data/final/series/comexstat_comex_importacoes_frete_usd.csv,data/final/series,.csv,1929,0.0018,2026-10-08 17:10:11
comexstat_comex_importacoes_frete_usd.xlsx,data/final/series/comexstat_comex_importacoes_frete_usd.xlsx,data/final/series,.xlsx,6424,0.0061,2026-10-08 17:10:11
comexstat_comex_importacoes_kg.csv,data/final/series/comexstat_comex_importacoes_kg.csv,data/final/series,.csv,2039,0.0019,2026-10-08 17:10:11
comexstat_comex_importacoes_kg.xlsx,data/final/series/comexstat_comex_importacoes_kg.xlsx,data/final/series,.xlsx,6446,0.0061,2026-10-08 17:10:11
comexstat_comex_importacoes_seguro_usd.csv,data/final/series/comexstat_comex_importacoes_seguro_usd.csv,data/final/series,.csv,1789,0.0017,2026-10-08 17:10:11
comexstat_comex_importacoes_seguro_usd.xlsx,data/final/series/comexstat_comex_importacoes_seguro_usd.xlsx,data/final/series,.xlsx,6323,0.006,2026-10-08 17:10:11
comexstat_comex_ncm_02023000_carne_bovina_congelada_exportacoes_fob_usd.csv,data/final/series/comexstat_comex_ncm_02023000_carne_bovina_congelada_exportacoes_fob_usd.csv,data/final/series,.csv,1874,0.0018,2026-10-08 17:07:05
comexstat_comex_ncm_02023000_carne_bovina_congelada_exportacoes_fob_usd.xlsx,data/final/series/comexstat_comex_ncm_02023000_carne_bovina_congelada_exportacoes_fob_usd.xlsx,data/final/series,.xlsx,6401,0.0061,2026-10-08 17:07:05
comexstat_comex_ncm_02023000_carne_bovina_congelada_exportacoes_kg.csv,data/final/series/comexstat_comex_ncm_02023000_carne_bovina_congelada_exportacoes_kg.csv,data/final/series,.csv,1848,0.0018,2026-10-08 17:07:05
comexstat_comex_ncm_02023000_carne_bovina_congelada_exportacoes_kg.xlsx,data/final/series/comexstat_comex_ncm_02023000_carne_bovina_congelada_exportacoes_kg.xlsx,data/final/series,.xlsx,6341,0.006,2026-10-08 17:07:05
comexstat_comex_ncm_02023000_carne_bovina_congelada_importacoes_fob_usd.csv,data/final/series/comexstat_comex_ncm_02023000_carne_bovina_congelada_importacoes_fob_usd.csv,data/final/series,.csv,1750,0.0017,2026-10-08 17:07:05
comexstat_comex_ncm_02023000_carne_bovina_congelada_importacoes_fob_usd.xlsx,data/final/series/comexstat_comex_ncm_02023000_carne_bovina_congelada_importacoes_fob_usd.xlsx,data/final/series,.xlsx,6299,0.006,2026-10-08 17:07:05
comexstat_comex_ncm_02023000_carne_bovina_congelada_importacoes_kg.csv,data/final/series/comexstat_comex_ncm_02023000_carne_bovina_congelada_importacoes_kg.csv,data/final/series,.csv,1681,0.0016,2026-10-08 17:07:05
comexstat_comex_ncm_02023000_carne_bovina_congelada_importacoes_kg.xlsx,data/final/series/comexstat_comex_ncm_02023000_carne_bovina_congelada_importacoes_kg.xlsx,data/final/series,.xlsx,6255,0.006,2026-10-08 17:07:05
comexstat_comex_ncm_09011110_cafe_nao_torrado_exportacoes_fob_usd.csv,data/final/series/comexstat_comex_ncm_09011110_cafe_nao_torrado_exportacoes_fob_usd.csv,data/final/series,.csv,1872,0.0018,2026-10-08 17:07:05
comexstat_comex_ncm_09011110_cafe_nao_torrado_exportacoes_fob_usd.xlsx,data/final/series/comexstat_comex_ncm_09011110_cafe_nao_torrado_exportacoes_fob_usd.xlsx,data/final/series,.xlsx,6399,0.0061,2026-10-08 17:07:05
comexstat_comex_ncm_09011110_cafe_nao_torrado_exportacoes_kg.csv,data/final/series/comexstat_comex_ncm_09011110_cafe_nao_torrado_exportacoes_kg.csv,data/final/series,.csv,1854,0.0018,2026-10-08 17:07:05
comexstat_comex_ncm_09011110_cafe_nao_torrado_exportacoes_kg.xlsx,data/final/series/comexstat_comex_ncm_09011110_cafe_nao_torrado_exportacoes_kg.xlsx,data/final/series,.xlsx,6351,0.0061,2026-10-08 17:07:05
comexstat_comex_ncm_09011110_cafe_nao_torrado_importacoes_fob_usd.csv,data/final/series/comexstat_comex_ncm_09011110_cafe_nao_torrado_importacoes_fob_usd.csv,data/final/series,.csv,457,0.0004,2026-10-08 17:07:05
comexstat_comex_ncm_09011110_cafe_nao_torrado_importacoes_fob_usd.xlsx,data/final/series/comexstat_comex_ncm_09011110_cafe_nao_torrado_importacoes_fob_usd.xlsx,data/final/series,.xlsx,5309,0.0051,2026-10-08 17:07:05
comexstat_comex_ncm_09011110_cafe_nao_torrado_importacoes_kg.csv,data/final/series/comexstat_comex_ncm_09011110_cafe_nao_torrado_importacoes_kg.csv,data/final/series,.csv,441,0.0004,2026-10-08 17:07:05
comexstat_comex_ncm_09011110_cafe_nao_torrado_importacoes_kg.xlsx,data/final/series/comexstat_comex_ncm_09011110_cafe_nao_torrado_importacoes_kg.xlsx,data/final/series,.xlsx,5277,0.005,2026-10-08 17:07:05
comexstat_comex_ncm_10059010_milho_em_grao_exportacoes_fob_usd.csv,data/final/series/comexstat_comex_ncm_10059010_milho_em_grao_exportacoes_fob_usd.csv,data/final/series,.csv,1856,0.0018,2026-10-08 17:07:05
comexstat_comex_ncm_10059010_milho_em_grao_exportacoes_fob_usd.xlsx,data/final/series/comexstat_comex_ncm_10059010_milho_em_grao_exportacoes_fob_usd.xlsx,data/final/series,.xlsx,6390,0.0061,2026-10-08 17:07:05
comexstat_comex_ncm_10059010_milho_em_grao_exportacoes_kg.csv,data/final/series/comexstat_comex_ncm_10059010_milho_em_grao_exportacoes_kg.csv,data/final/series,.csv,1898,0.0018,2026-10-08 17:07:05
comexstat_comex_ncm_10059010_milho_em_grao_exportacoes_kg.xlsx,data/final/series/comexstat_comex_ncm_10059010_milho_em_grao_exportacoes_kg.xlsx,data/final/series,.xlsx,6418,0.0061,2026-10-08 17:07:05
comexstat_comex_ncm_10059010_milho_em_grao_importacoes_fob_usd.csv,data/final/series/comexstat_comex_ncm_10059010_milho_em_grao_importacoes_fob_usd.csv,data/final/series,.csv,1759,0.0017,2026-10-08 17:07:05
comexstat_comex_ncm_10059010_milho_em_grao_importacoes_fob_usd.xlsx,data/final/series/comexstat_comex_ncm_10059010_milho_em_grao_importacoes_fob_usd.xlsx,data/final/series,.xlsx,6329,0.006,2026-10-08 17:07:05
comexstat_comex_ncm_10059010_milho_em_grao_importacoes_kg.csv,data/final/series/comexstat_comex_ncm_10059010_milho_em_grao_importacoes_kg.csv,data/final/series,.csv,1822,0.0017,2026-10-08 17:07:05
comexstat_comex_ncm_10059010_milho_em_grao_importacoes_kg.xlsx,data/final/series/comexstat_comex_ncm_10059010_milho_em_grao_importacoes_kg.xlsx,data/final/series,.xlsx,6324,0.006,2026-10-08 17:07:05
comexstat_comex_ncm_12019000_soja_exceto_semeadura_exportacoes_fob_usd.csv,data/final/series/comexstat_comex_ncm_12019000_soja_exceto_semeadura_exportacoes_fob_usd.csv,data/final/series,.csv,1924,0.0018,2026-10-08 17:07:05
comexstat_comex_ncm_12019000_soja_exceto_semeadura_exportacoes_fob_usd.xlsx,data/final/series/comexstat_comex_ncm_12019000_soja_exceto_semeadura_exportacoes_fob_usd.xlsx,data/final/series,.xlsx,6446,0.0061,2026-10-08 17:07:05
comexstat_comex_ncm_12019000_soja_exceto_semeadura_exportacoes_kg.csv,data/final/series/comexstat_comex_ncm_12019000_soja_exceto_semeadura_exportacoes_kg.csv,data/final/series,.csv,1960,0.0019,2026-10-08 17:07:05
comexstat_comex_ncm_12019000_soja_exceto_semeadura_exportacoes_kg.xlsx,data/final/series/comexstat_comex_ncm_12019000_soja_exceto_semeadura_exportacoes_kg.xlsx,data/final/series,.xlsx,6470,0.0062,2026-10-08 17:07:05
comexstat_comex_ncm_12019000_soja_exceto_semeadura_importacoes_fob_usd.csv,data/final/series/comexstat_comex_ncm_12019000_soja_exceto_semeadura_importacoes_fob_usd.csv,data/final/series,.csv,1661,0.0016,2026-10-08 17:07:05
comexstat_comex_ncm_12019000_soja_exceto_semeadura_importacoes_fob_usd.xlsx,data/final/series/comexstat_comex_ncm_12019000_soja_exceto_semeadura_importacoes_fob_usd.xlsx,data/final/series,.xlsx,6256,0.006,2026-10-08 17:07:05
comexstat_comex_ncm_12019000_soja_exceto_semeadura_importacoes_kg.csv,data/final/series/comexstat_comex_ncm_12019000_soja_exceto_semeadura_importacoes_kg.csv,data/final/series,.csv,1688,0.0016,2026-10-08 17:07:05
comexstat_comex_ncm_12019000_soja_exceto_semeadura_importacoes_kg.xlsx,data/final/series/comexstat_comex_ncm_12019000_soja_exceto_semeadura_importacoes_kg.xlsx,data/final/series,.xlsx,6220,0.0059,2026-10-08 17:07:05
comexstat_comex_ncm_17011400_acucares_cana_exportacoes_fob_usd.csv,data/final/series/comexstat_comex_ncm_17011400_acucares_cana_exportacoes_fob_usd.csv,data/final/series,.csv,1884,0.0018,2026-10-08 17:07:05
comexstat_comex_ncm_17011400_acucares_cana_exportacoes_fob_usd.xlsx,data/final/series/comexstat_comex_ncm_17011400_acucares_cana_exportacoes_fob_usd.xlsx,data/final/series,.xlsx,6404,0.0061,2026-10-08 17:07:05
comexstat_comex_ncm_17011400_acucares_cana_exportacoes_kg.csv,data/final/series/comexstat_comex_ncm_17011400_acucares_cana_exportacoes_kg.csv,data/final/series,.csv,1931,0.0018,2026-10-08 17:07:05
comexstat_comex_ncm_17011400_acucares_cana_exportacoes_kg.xlsx,data/final/series/comexstat_comex_ncm_17011400_acucares_cana_exportacoes_kg.xlsx,data/final/series,.xlsx,6416,0.0061,2026-10-08 17:07:05
comexstat_comex_ncm_17011400_acucares_cana_importacoes_fob_usd.csv,data/final/series/comexstat_comex_ncm_17011400_acucares_cana_importacoes_fob_usd.csv,data/final/series,.csv,1560,0.0015,2026-10-08 17:07:05
comexstat_comex_ncm_17011400_acucares_cana_importacoes_fob_usd.xlsx,data/final/series/comexstat_comex_ncm_17011400_acucares_cana_importacoes_fob_usd.xlsx,data/final/series,.xlsx,6189,0.0059,2026-10-08 17:07:05
comexstat_comex_ncm_17011400_acucares_cana_importacoes_kg.csv,data/final/series/comexstat_comex_ncm_17011400_acucares_cana_importacoes_kg.csv,data/final/series,.csv,1553,0.0015,2026-10-08 17:07:05
comexstat_comex_ncm_17011400_acucares_cana_importacoes_kg.xlsx,data/final/series/comexstat_comex_ncm_17011400_acucares_cana_importacoes_kg.xlsx,data/final/series,.xlsx,6141,0.0059,2026-10-08 17:07:05
comexstat_comex_ncm_23040090_residuos_oleo_soja_exportacoes_fob_usd.csv,data/final/series/comexstat_comex_ncm_23040090_residuos_oleo_soja_exportacoes_fob_usd.csv,data/final/series,.csv,1855,0.0018,2026-10-08 17:07:05
comexstat_comex_ncm_23040090_residuos_oleo_soja_exportacoes_fob_usd.xlsx,data/final/series/comexstat_comex_ncm_23040090_residuos_oleo_soja_exportacoes_fob_usd.xlsx,data/final/series,.xlsx,6383,0.0061,2026-10-08 17:07:05
comexstat_comex_ncm_23040090_residuos_oleo_soja_exportacoes_kg.csv,data/final/series/comexstat_comex_ncm_23040090_residuos_oleo_soja_exportacoes_kg.csv,data/final/series,.csv,1926,0.0018,2026-10-08 17:07:05
comexstat_comex_ncm_23040090_residuos_oleo_soja_exportacoes_kg.xlsx,data/final/series/comexstat_comex_ncm_23040090_residuos_oleo_soja_exportacoes_kg.xlsx,data/final/series,.xlsx,6395,0.0061,2026-10-08 17:07:05
comexstat_comex_ncm_23040090_residuos_oleo_soja_importacoes_fob_usd.csv,data/final/series/comexstat_comex_ncm_23040090_residuos_oleo_soja_importacoes_fob_usd.csv,data/final/series,.csv,104,0.0001,2026-10-08 17:07:05
comexstat_comex_ncm_23040090_residuos_oleo_soja_importacoes_fob_usd.xlsx,data/final/series/comexstat_comex_ncm_23040090_residuos_oleo_soja_importacoes_fob_usd.xlsx,data/final/series,.xlsx,5004,0.0048,2026-10-08 17:07:05
comexstat_comex_ncm_23040090_residuos_oleo_soja_importacoes_kg.csv,data/final/series/comexstat_comex_ncm_23040090_residuos_oleo_soja_importacoes_kg.csv,data/final/series,.csv,102,0.0001,2026-10-08 17:07:05
comexstat_comex_ncm_23040090_residuos_oleo_soja_importacoes_kg.xlsx,data/final/series/comexstat_comex_ncm_23040090_residuos_oleo_soja_importacoes_kg.xlsx,data/final/series,.xlsx,4999,0.0048,2026-10-08 17:07:05
comexstat_comex_ncm_26011100_minerio_ferro_nao_aglomerado_exportacoes_fob_usd.csv,data/final/series/comexstat_comex_ncm_26011100_minerio_ferro_nao_aglomerado_exportacoes_fob_usd.csv,data/final/series,.csv,1934,0.0018,2026-10-08 17:07:05
comexstat_comex_ncm_26011100_minerio_ferro_nao_aglomerado_exportacoes_fob_usd.xlsx,data/final/series/comexstat_comex_ncm_26011100_minerio_ferro_nao_aglomerado_exportacoes_fob_usd.xlsx,data/final/series,.xlsx,6424,0.0061,2026-10-08 17:07:05
comexstat_comex_ncm_26011100_minerio_ferro_nao_aglomerado_exportacoes_kg.csv,data/final/series/comexstat_comex_ncm_26011100_minerio_ferro_nao_aglomerado_exportacoes_kg.csv,data/final/series,.csv,2014,0.0019,2026-10-08 17:07:05
comexstat_comex_ncm_26011100_minerio_ferro_nao_aglomerado_exportacoes_kg.xlsx,data/final/series/comexstat_comex_ncm_26011100_minerio_ferro_nao_aglomerado_exportacoes_kg.xlsx,data/final/series,.xlsx,6470,0.0062,2026-10-08 17:07:05
comexstat_comex_ncm_26011100_minerio_ferro_nao_aglomerado_importacoes_fob_usd.csv,data/final/series/comexstat_comex_ncm_26011100_minerio_ferro_nao_aglomerado_importacoes_fob_usd.csv,data/final/series,.csv,1230,0.0012,2026-10-08 17:07:05
comexstat_comex_ncm_26011100_minerio_ferro_nao_aglomerado_importacoes_fob_usd.xlsx,data/final/series/comexstat_comex_ncm_26011100_minerio_ferro_nao_aglomerado_importacoes_fob_usd.xlsx,data/final/series,.xlsx,5947,0.0057,2026-10-08 17:07:05
comexstat_comex_ncm_26011100_minerio_ferro_nao_aglomerado_importacoes_kg.csv,data/final/series/comexstat_comex_ncm_26011100_minerio_ferro_nao_aglomerado_importacoes_kg.csv,data/final/series,.csv,1266,0.0012,2026-10-08 17:07:05
comexstat_comex_ncm_26011100_minerio_ferro_nao_aglomerado_importacoes_kg.xlsx,data/final/series/comexstat_comex_ncm_26011100_minerio_ferro_nao_aglomerado_importacoes_kg.xlsx,data/final/series,.xlsx,5906,0.0056,2026-10-08 17:07:05
comexstat_comex_ncm_27090010_oleos_brutos_petroleo_exportacoes_fob_usd.csv,data/final/series/comexstat_comex_ncm_27090010_oleos_brutos_petroleo_exportacoes_fob_usd.csv,data/final/series,.csv,1934,0.0018,2026-10-08 17:07:05
comexstat_comex_ncm_27090010_oleos_brutos_petroleo_exportacoes_fob_usd.xlsx,data/final/series/comexstat_comex_ncm_27090010_oleos_brutos_petroleo_exportacoes_fob_usd.xlsx,data/final/series,.xlsx,6436,0.0061,2026-10-08 17:07:05
comexstat_comex_ncm_27090010_oleos_brutos_petroleo_exportacoes_kg.csv,data/final/series/comexstat_comex_ncm_27090010_oleos_brutos_petroleo_exportacoes_kg.csv,data/final/series,.csv,1936,0.0018,2026-10-08 17:07:05
comexstat_comex_ncm_27090010_oleos_brutos_petroleo_exportacoes_kg.xlsx,data/final/series/comexstat_comex_ncm_27090010_oleos_brutos_petroleo_exportacoes_kg.xlsx,data/final/series,.xlsx,6437,0.0061,2026-10-08 17:07:05
comexstat_comex_ncm_27090010_oleos_brutos_petroleo_importacoes_fob_usd.csv,data/final/series/comexstat_comex_ncm_27090010_oleos_brutos_petroleo_importacoes_fob_usd.csv,data/final/series,.csv,1855,0.0018,2026-10-08 17:07:05
comexstat_comex_ncm_27090010_oleos_brutos_petroleo_importacoes_fob_usd.xlsx,data/final/series/comexstat_comex_ncm_27090010_oleos_brutos_petroleo_importacoes_fob_usd.xlsx,data/final/series,.xlsx,6391,0.0061,2026-10-08 17:07:05
comexstat_comex_ncm_27090010_oleos_brutos_petroleo_importacoes_kg.csv,data/final/series/comexstat_comex_ncm_27090010_oleos_brutos_petroleo_importacoes_kg.csv,data/final/series,.csv,1889,0.0018,2026-10-08 17:07:05
comexstat_comex_ncm_27090010_oleos_brutos_petroleo_importacoes_kg.xlsx,data/final/series/comexstat_comex_ncm_27090010_oleos_brutos_petroleo_importacoes_kg.xlsx,data/final/series,.xlsx,6407,0.0061,2026-10-08 17:07:05
comexstat_comex_ncm_27101922_fuel_oil_exportacoes_fob_usd.csv,data/final/series/comexstat_comex_ncm_27101922_fuel_oil_exportacoes_fob_usd.csv,data/final/series,.csv,1859,0.0018,2026-10-08 17:07:05
comexstat_comex_ncm_27101922_fuel_oil_exportacoes_fob_usd.xlsx,data/final/series/comexstat_comex_ncm_27101922_fuel_oil_exportacoes_fob_usd.xlsx,data/final/series,.xlsx,6386,0.0061,2026-10-08 17:07:05
comexstat_comex_ncm_27101922_fuel_oil_exportacoes_kg.csv,data/final/series/comexstat_comex_ncm_27101922_fuel_oil_exportacoes_kg.csv,data/final/series,.csv,1903,0.0018,2026-10-08 17:07:05
comexstat_comex_ncm_27101922_fuel_oil_exportacoes_kg.xlsx,data/final/series/comexstat_comex_ncm_27101922_fuel_oil_exportacoes_kg.xlsx,data/final/series,.xlsx,6408,0.0061,2026-10-08 17:07:05
comexstat_comex_ncm_27101922_fuel_oil_importacoes_fob_usd.csv,data/final/series/comexstat_comex_ncm_27101922_fuel_oil_importacoes_fob_usd.csv,data/final/series,.csv,929,0.0009,2026-10-08 17:07:05
comexstat_comex_ncm_27101922_fuel_oil_importacoes_fob_usd.xlsx,data/final/series/comexstat_comex_ncm_27101922_fuel_oil_importacoes_fob_usd.xlsx,data/final/series,.xlsx,5682,0.0054,2026-10-08 17:07:05
comexstat_comex_ncm_27101922_fuel_oil_importacoes_kg.csv,data/final/series/comexstat_comex_ncm_27101922_fuel_oil_importacoes_kg.csv,data/final/series,.csv,938,0.0009,2026-10-08 17:07:05
comexstat_comex_ncm_27101922_fuel_oil_importacoes_kg.xlsx,data/final/series/comexstat_comex_ncm_27101922_fuel_oil_importacoes_kg.xlsx,data/final/series,.xlsx,5646,0.0054,2026-10-08 17:07:05
comexstat_comex_ncm_47032900_celulose_nao_coniferas_exportacoes_fob_usd.csv,data/final/series/comexstat_comex_ncm_47032900_celulose_nao_coniferas_exportacoes_fob_usd.csv,data/final/series,.csv,1854,0.0018,2026-10-08 17:07:05
comexstat_comex_ncm_47032900_celulose_nao_coniferas_exportacoes_fob_usd.xlsx,data/final/series/comexstat_comex_ncm_47032900_celulose_nao_coniferas_exportacoes_fob_usd.xlsx,data/final/series,.xlsx,6387,0.0061,2026-10-08 17:07:05
comexstat_comex_ncm_47032900_celulose_nao_coniferas_exportacoes_kg.csv,data/final/series/comexstat_comex_ncm_47032900_celulose_nao_coniferas_exportacoes_kg.csv,data/final/series,.csv,1934,0.0018,2026-10-08 17:07:05
comexstat_comex_ncm_47032900_celulose_nao_coniferas_exportacoes_kg.xlsx,data/final/series/comexstat_comex_ncm_47032900_celulose_nao_coniferas_exportacoes_kg.xlsx,data/final/series,.xlsx,6400,0.0061,2026-10-08 17:07:05
comexstat_comex_ncm_47032900_celulose_nao_coniferas_importacoes_fob_usd.csv,data/final/series/comexstat_comex_ncm_47032900_celulose_nao_coniferas_importacoes_fob_usd.csv,data/final/series,.csv,1371,0.0013,2026-10-08 17:07:05
comexstat_comex_ncm_47032900_celulose_nao_coniferas_importacoes_fob_usd.xlsx,data/final/series/comexstat_comex_ncm_47032900_celulose_nao_coniferas_importacoes_fob_usd.xlsx,data/final/series,.xlsx,6049,0.0058,2026-10-08 17:07:05
comexstat_comex_ncm_47032900_celulose_nao_coniferas_importacoes_kg.csv,data/final/series/comexstat_comex_ncm_47032900_celulose_nao_coniferas_importacoes_kg.csv,data/final/series,.csv,1374,0.0013,2026-10-08 17:07:05
comexstat_comex_ncm_47032900_celulose_nao_coniferas_importacoes_kg.xlsx,data/final/series/comexstat_comex_ncm_47032900_celulose_nao_coniferas_importacoes_kg.xlsx,data/final/series,.xlsx,5992,0.0057,2026-10-08 17:07:05
comexstat_comex_saldo_comercial_usd.csv,data/final/series/comexstat_comex_saldo_comercial_usd.csv,data/final/series,.csv,1964,0.0019,2026-10-08 17:10:11
comexstat_comex_saldo_comercial_usd.xlsx,data/final/series/comexstat_comex_saldo_comercial_usd.xlsx,data/final/series,.xlsx,6477,0.0062,2026-10-08 17:10:11
comexstat_fuel_oil_exp_fob.csv,data/final/series/comexstat_fuel_oil_exp_fob.csv,data/final/series,.csv,1882,0.0018,2026-10-08 17:10:11
comexstat_fuel_oil_exp_fob.xlsx,data/final/series/comexstat_fuel_oil_exp_fob.xlsx,data/final/series,.xlsx,6404,0.0061,2026-10-08 17:10:11
comexstat_fuel_oil_exp_kg.csv,data/final/series/comexstat_fuel_oil_exp_kg.csv,data/final/series,.csv,1926,0.0018,2026-10-08 17:10:11
comexstat_fuel_oil_exp_kg.xlsx,data/final/series/comexstat_fuel_oil_exp_kg.xlsx,data/final/series,.xlsx,6426,0.0061,2026-10-08 17:10:11
comexstat_fuel_oil_imp_fob.csv,data/final/series/comexstat_fuel_oil_imp_fob.csv,data/final/series,.csv,929,0.0009,2026-10-08 17:10:11
comexstat_fuel_oil_imp_fob.xlsx,data/final/series/comexstat_fuel_oil_imp_fob.xlsx,data/final/series,.xlsx,5681,0.0054,2026-10-08 17:10:11
comexstat_fuel_oil_imp_kg.csv,data/final/series/comexstat_fuel_oil_imp_kg.csv,data/final/series,.csv,938,0.0009,2026-10-08 17:10:11
comexstat_fuel_oil_imp_kg.xlsx,data/final/series/comexstat_fuel_oil_imp_kg.xlsx,data/final/series,.xlsx,5645,0.0054,2026-10-08 17:10:11
comexstat_milho_em_grao_exp_fob.csv,data/final/series/comexstat_milho_em_grao_exp_fob.csv,data/final/series,.csv,1879,0.0018,2026-10-08 17:10:11
comexstat_milho_em_grao_exp_fob.xlsx,data/final/series/comexstat_milho_em_grao_exp_fob.xlsx,data/final/series,.xlsx,6410,0.0061,2026-10-08 17:10:11
comexstat_milho_em_grao_exp_kg.csv,data/final/series/comexstat_milho_em_grao_exp_kg.csv,data/final/series,.csv,1922,0.0018,2026-10-08 17:10:11
comexstat_milho_em_grao_exp_kg.xlsx,data/final/series/comexstat_milho_em_grao_exp_kg.xlsx,data/final/series,.xlsx,6437,0.0061,2026-10-08 17:10:11
comexstat_milho_em_grao_imp_fob.csv,data/final/series/comexstat_milho_em_grao_imp_fob.csv,data/final/series,.csv,1781,0.0017,2026-10-08 17:10:11
comexstat_milho_em_grao_imp_fob.xlsx,data/final/series/comexstat_milho_em_grao_imp_fob.xlsx,data/final/series,.xlsx,6345,0.0061,2026-10-08 17:10:11
comexstat_milho_em_grao_imp_kg.csv,data/final/series/comexstat_milho_em_grao_imp_kg.csv,data/final/series,.csv,1845,0.0018,2026-10-08 17:10:11
comexstat_milho_em_grao_imp_kg.xlsx,data/final/series/comexstat_milho_em_grao_imp_kg.xlsx,data/final/series,.xlsx,6341,0.006,2026-10-08 17:10:11
comexstat_minerio_ferro_nao_aglomerado_exp_fob.csv,data/final/series/comexstat_minerio_ferro_nao_aglomerado_exp_fob.csv,data/final/series,.csv,1958,0.0019,2026-10-08 17:10:11
comexstat_minerio_ferro_nao_aglomerado_exp_fob.xlsx,data/final/series/comexstat_minerio_ferro_nao_aglomerado_exp_fob.xlsx,data/final/series,.xlsx,6442,0.0061,2026-10-08 17:10:11
comexstat_minerio_ferro_nao_aglomerado_exp_kg.csv,data/final/series/comexstat_minerio_ferro_nao_aglomerado_exp_kg.csv,data/final/series,.csv,2039,0.0019,2026-10-08 17:10:11
comexstat_minerio_ferro_nao_aglomerado_exp_kg.xlsx,data/final/series/comexstat_minerio_ferro_nao_aglomerado_exp_kg.xlsx,data/final/series,.xlsx,6489,0.0062,2026-10-08 17:10:11
comexstat_minerio_ferro_nao_aglomerado_imp_fob.csv,data/final/series/comexstat_minerio_ferro_nao_aglomerado_imp_fob.csv,data/final/series,.csv,1251,0.0012,2026-10-08 17:10:11
comexstat_minerio_ferro_nao_aglomerado_imp_fob.xlsx,data/final/series/comexstat_minerio_ferro_nao_aglomerado_imp_fob.xlsx,data/final/series,.xlsx,5961,0.0057,2026-10-08 17:10:11
comexstat_minerio_ferro_nao_aglomerado_imp_kg.csv,data/final/series/comexstat_minerio_ferro_nao_aglomerado_imp_kg.csv,data/final/series,.csv,1288,0.0012,2026-10-08 17:10:11
comexstat_minerio_ferro_nao_aglomerado_imp_kg.xlsx,data/final/series/comexstat_minerio_ferro_nao_aglomerado_imp_kg.xlsx,data/final/series,.xlsx,5922,0.0056,2026-10-08 17:10:11
comexstat_oleos_brutos_petroleo_exp_fob.csv,data/final/series/comexstat_oleos_brutos_petroleo_exp_fob.csv,data/final/series,.csv,1958,0.0019,2026-10-08 17:10:11
comexstat_oleos_brutos_petroleo_exp_fob.xlsx,data/final/series/comexstat_oleos_brutos_petroleo_exp_fob.xlsx,data/final/series,.xlsx,6453,0.0062,2026-10-08 17:10:11
comexstat_oleos_brutos_petroleo_exp_kg.csv,data/final/series/comexstat_oleos_brutos_petroleo_exp_kg.csv,data/final/series,.csv,1961,0.0019,2026-10-08 17:10:11
comexstat_oleos_brutos_petroleo_exp_kg.xlsx,data/final/series/comexstat_oleos_brutos_petroleo_exp_kg.xlsx,data/final/series,.xlsx,6457,0.0062,2026-10-08 17:10:11
comexstat_oleos_brutos_petroleo_imp_fob.csv,data/final/series/comexstat_oleos_brutos_petroleo_imp_fob.csv,data/final/series,.csv,1878,0.0018,2026-10-08 17:10:11
comexstat_oleos_brutos_petroleo_imp_fob.xlsx,data/final/series/comexstat_oleos_brutos_petroleo_imp_fob.xlsx,data/final/series,.xlsx,6408,0.0061,2026-10-08 17:10:11
comexstat_oleos_brutos_petroleo_imp_kg.csv,data/final/series/comexstat_oleos_brutos_petroleo_imp_kg.csv,data/final/series,.csv,1912,0.0018,2026-10-08 17:10:11
comexstat_oleos_brutos_petroleo_imp_kg.xlsx,data/final/series/comexstat_oleos_brutos_petroleo_imp_kg.xlsx,data/final/series,.xlsx,6424,0.0061,2026-10-08 17:10:11
comexstat_residuos_oleo_soja_exp_fob.csv,data/final/series/comexstat_residuos_oleo_soja_exp_fob.csv,data/final/series,.csv,1878,0.0018,2026-10-08 17:10:11
comexstat_residuos_oleo_soja_exp_fob.xlsx,data/final/series/comexstat_residuos_oleo_soja_exp_fob.xlsx,data/final/series,.xlsx,6401,0.0061,2026-10-08 17:10:11
comexstat_residuos_oleo_soja_exp_kg.csv,data/final/series/comexstat_residuos_oleo_soja_exp_kg.csv,data/final/series,.csv,1950,0.0019,2026-10-08 17:10:11
comexstat_residuos_oleo_soja_exp_kg.xlsx,data/final/series/comexstat_residuos_oleo_soja_exp_kg.xlsx,data/final/series,.xlsx,6413,0.0061,2026-10-08 17:10:11
comexstat_residuos_oleo_soja_imp_fob.csv,data/final/series/comexstat_residuos_oleo_soja_imp_fob.csv,data/final/series,.csv,104,0.0001,2026-10-08 17:10:11
comexstat_residuos_oleo_soja_imp_fob.xlsx,data/final/series/comexstat_residuos_oleo_soja_imp_fob.xlsx,data/final/series,.xlsx,5003,0.0048,2026-10-08 17:10:11
comexstat_residuos_oleo_soja_imp_kg.csv,data/final/series/comexstat_residuos_oleo_soja_imp_kg.csv,data/final/series,.csv,102,0.0001,2026-10-08 17:10:11
comexstat_residuos_oleo_soja_imp_kg.xlsx,data/final/series/comexstat_residuos_oleo_soja_imp_kg.xlsx,data/final/series,.xlsx,4998,0.0048,2026-10-08 17:10:11
comexstat_soja_exceto_semeadura_exp_fob.csv,data/final/series/comexstat_soja_exceto_semeadura_exp_fob.csv,data/final/series,.csv,1948,0.0019,2026-10-08 17:10:11
comexstat_soja_exceto_semeadura_exp_fob.xlsx,data/final/series/comexstat_soja_exceto_semeadura_exp_fob.xlsx,data/final/series,.xlsx,6464,0.0062,2026-10-08 17:10:11
comexstat_soja_exceto_semeadura_exp_kg.csv,data/final/series/comexstat_soja_exceto_semeadura_exp_kg.csv,data/final/series,.csv,1984,0.0019,2026-10-08 17:10:11
comexstat_soja_exceto_semeadura_exp_kg.xlsx,data/final/series/comexstat_soja_exceto_semeadura_exp_kg.xlsx,data/final/series,.xlsx,6490,0.0062,2026-10-08 17:10:11
comexstat_soja_exceto_semeadura_imp_fob.csv,data/final/series/comexstat_soja_exceto_semeadura_imp_fob.csv,data/final/series,.csv,1683,0.0016,2026-10-08 17:10:11
comexstat_soja_exceto_semeadura_imp_fob.xlsx,data/final/series/comexstat_soja_exceto_semeadura_imp_fob.xlsx,data/final/series,.xlsx,6271,0.006,2026-10-08 17:10:11
comexstat_soja_exceto_semeadura_imp_kg.csv,data/final/series/comexstat_soja_exceto_semeadura_imp_kg.csv,data/final/series,.csv,1711,0.0016,2026-10-08 17:10:11
comexstat_soja_exceto_semeadura_imp_kg.xlsx,data/final/series/comexstat_soja_exceto_semeadura_imp_kg.xlsx,data/final/series,.xlsx,6240,0.006,2026-10-08 17:10:11
yahoo_bova11.csv,data/final/series/yahoo_bova11.csv,data/final/series,.csv,1303,0.0012,2026-10-08 17:10:11
yahoo_bova11.xlsx,data/final/series/yahoo_bova11.xlsx,data/final/series,.xlsx,5937,0.0057,2026-10-08 17:10:11
yahoo_dolar_real.csv,data/final/series/yahoo_dolar_real.csv,data/final/series,.csv,1107,0.0011,2026-10-08 17:10:11
yahoo_dolar_real.xlsx,data/final/series/yahoo_dolar_real.xlsx,data/final/series,.xlsx,5869,0.0056,2026-10-08 17:10:11
yahoo_dow_jones.csv,data/final/series/yahoo_dow_jones.csv,data/final/series,.csv,1464,0.0014,2026-10-08 17:10:11
yahoo_dow_jones.xlsx,data/final/series/yahoo_dow_jones.xlsx,data/final/series,.xlsx,6070,0.0058,2026-10-08 17:10:11
yahoo_euro_real.csv,data/final/series/yahoo_euro_real.csv,data/final/series,.csv,1148,0.0011,2026-10-08 17:10:11
yahoo_euro_real.xlsx,data/final/series/yahoo_euro_real.xlsx,data/final/series,.xlsx,5888,0.0056,2026-10-08 17:10:11
yahoo_ibovespa.csv,data/final/series/yahoo_ibovespa.csv,data/final/series,.csv,1237,0.0012,2026-10-08 17:10:11
yahoo_ibovespa.xlsx,data/final/series/yahoo_ibovespa.xlsx,data/final/series,.xlsx,5899,0.0056,2026-10-08 17:10:11
yahoo_ivvb11.csv,data/final/series/yahoo_ivvb11.csv,data/final/series,.csv,1281,0.0012,2026-10-08 17:10:11
yahoo_ivvb11.xlsx,data/final/series/yahoo_ivvb11.xlsx,data/final/series,.xlsx,5933,0.0057,2026-10-08 17:10:11
yahoo_milho.csv,data/final/series/yahoo_milho.csv,data/final/series,.csv,1081,0.001,2026-10-08 17:10:11
yahoo_milho.xlsx,data/final/series/yahoo_milho.xlsx,data/final/series,.xlsx,5830,0.0056,2026-10-08 17:10:11
yahoo_nasdaq.csv,data/final/series/yahoo_nasdaq.csv,data/final/series,.csv,1471,0.0014,2026-10-08 17:10:11
yahoo_nasdaq.xlsx,data/final/series/yahoo_nasdaq.xlsx,data/final/series,.xlsx,6083,0.0058,2026-10-08 17:10:11
yahoo_ouro.csv,data/final/series/yahoo_ouro.csv,data/final/series,.csv,1332,0.0013,2026-10-08 17:10:11
yahoo_ouro.xlsx,data/final/series/yahoo_ouro.xlsx,data/final/series,.xlsx,5923,0.0056,2026-10-08 17:10:11
yahoo_petroleo_brent.csv,data/final/series/yahoo_petroleo_brent.csv,data/final/series,.csv,1289,0.0012,2026-10-08 17:10:11
yahoo_petroleo_brent.xlsx,data/final/series/yahoo_petroleo_brent.xlsx,data/final/series,.xlsx,5956,0.0057,2026-10-08 17:10:11
yahoo_petroleo_wti.csv,data/final/series/yahoo_petroleo_wti.csv,data/final/series,.csv,1271,0.0012,2026-10-08 17:10:11
yahoo_petroleo_wti.xlsx,data/final/series/yahoo_petroleo_wti.xlsx,data/final/series,.xlsx,5937,0.0057,2026-10-08 17:10:11
yahoo_ret_bova11.csv,data/final/series/yahoo_ret_bova11.csv,data/final/series,.csv,1239,0.0012,2026-10-08 17:10:11
yahoo_ret_bova11.xlsx,data/final/series/yahoo_ret_bova11.xlsx,data/final/series,.xlsx,5998,0.0057,2026-10-08 17:10:11
yahoo_ret_dolar_real.csv,data/final/series/yahoo_ret_dolar_real.csv,data/final/series,.csv,1241,0.0012,2026-10-08 17:10:11
yahoo_ret_dolar_real.xlsx,data/final/series/yahoo_ret_dolar_real.xlsx,data/final/series,.xlsx,5996,0.0057,2026-10-08 17:10:11
yahoo_ret_dow_jones.csv,data/final/series/yahoo_ret_dow_jones.csv,data/final/series,.csv,1233,0.0012,2026-10-08 17:10:11
yahoo_ret_dow_jones.xlsx,data/final/series/yahoo_ret_dow_jones.xlsx,data/final/series,.xlsx,5996,0.0057,2026-10-08 17:10:11
yahoo_ret_euro_real.csv,data/final/series/yahoo_ret_euro_real.csv,data/final/series,.csv,1241,0.0012,2026-10-08 17:10:11
yahoo_ret_euro_real.xlsx,data/final/series/yahoo_ret_euro_real.xlsx,data/final/series,.xlsx,5973,0.0057,2026-10-08 17:10:11
yahoo_ret_ibovespa.csv,data/final/series/yahoo_ret_ibovespa.csv,data/final/series,.csv,1236,0.0012,2026-10-08 17:10:11
yahoo_ret_ibovespa.xlsx,data/final/series/yahoo_ret_ibovespa.xlsx,data/final/series,.xlsx,6009,0.0057,2026-10-08 17:10:11
yahoo_ret_ivvb11.csv,data/final/series/yahoo_ret_ivvb11.csv,data/final/series,.csv,1230,0.0012,2026-10-08 17:10:11
yahoo_ret_ivvb11.xlsx,data/final/series/yahoo_ret_ivvb11.xlsx,data/final/series,.xlsx,5992,0.0057,2026-10-08 17:10:11
yahoo_ret_milho.csv,data/final/series/yahoo_ret_milho.csv,data/final/series,.csv,1238,0.0012,2026-10-08 17:10:11
yahoo_ret_milho.xlsx,data/final/series/yahoo_ret_milho.xlsx,data/final/series,.xlsx,6015,0.0057,2026-10-08 17:10:11
yahoo_ret_nasdaq.csv,data/final/series/yahoo_ret_nasdaq.csv,data/final/series,.csv,1237,0.0012,2026-10-08 17:10:11
yahoo_ret_nasdaq.xlsx,data/final/series/yahoo_ret_nasdaq.xlsx,data/final/series,.xlsx,6018,0.0057,2026-10-08 17:10:11
yahoo_ret_ouro.csv,data/final/series/yahoo_ret_ouro.csv,data/final/series,.csv,1231,0.0012,2026-10-08 17:10:11
yahoo_ret_ouro.xlsx,data/final/series/yahoo_ret_ouro.xlsx,data/final/series,.xlsx,5991,0.0057,2026-10-08 17:10:11
yahoo_ret_petroleo_brent.csv,data/final/series/yahoo_ret_petroleo_brent.csv,data/final/series,.csv,1251,0.0012,2026-10-08 17:10:11
yahoo_ret_petroleo_brent.xlsx,data/final/series/yahoo_ret_petroleo_brent.xlsx,data/final/series,.xlsx,6032,0.0058,2026-10-08 17:10:11
yahoo_ret_petroleo_wti.csv,data/final/series/yahoo_ret_petroleo_wti.csv,data/final/series,.csv,1248,0.0012,2026-10-08 17:10:11
yahoo_ret_petroleo_wti.xlsx,data/final/series/yahoo_ret_petroleo_wti.xlsx,data/final/series,.xlsx,6022,0.0057,2026-10-08 17:10:11
yahoo_ret_smal11.csv,data/final/series/yahoo_ret_smal11.csv,data/final/series,.csv,1249,0.0012,2026-10-08 17:10:11
yahoo_ret_smal11.xlsx,data/final/series/yahoo_ret_smal11.xlsx,data/final/series,.xlsx,6013,0.0057,2026-10-08 17:10:11
yahoo_ret_soja.csv,data/final/series/yahoo_ret_soja.csv,data/final/series,.csv,1235,0.0012,2026-10-08 17:10:11
yahoo_ret_soja.xlsx,data/final/series/yahoo_ret_soja.xlsx,data/final/series,.xlsx,6020,0.0057,2026-10-08 17:10:11
yahoo_ret_sp500.csv,data/final/series/yahoo_ret_sp500.csv,data/final/series,.csv,1229,0.0012,2026-10-08 17:10:11
yahoo_ret_sp500.xlsx,data/final/series/yahoo_ret_sp500.xlsx,data/final/series,.xlsx,6004,0.0057,2026-10-08 17:10:11
yahoo_smal11.csv,data/final/series/yahoo_smal11.csv,data/final/series,.csv,1258,0.0012,2026-10-08 17:10:11
yahoo_smal11.xlsx,data/final/series/yahoo_smal11.xlsx,data/final/series,.xlsx,5922,0.0056,2026-10-08 17:10:11
yahoo_soja.csv,data/final/series/yahoo_soja.csv,data/final/series,.csv,1138,0.0011,2026-10-08 17:10:11
yahoo_soja.xlsx,data/final/series/yahoo_soja.xlsx,data/final/series,.xlsx,5840,0.0056,2026-10-08 17:10:11
yahoo_sp500.csv,data/final/series/yahoo_sp500.csv,data/final/series,.csv,1386,0.0013,2026-10-08 17:10:11
yahoo_sp500.xlsx,data/final/series/yahoo_sp500.xlsx,data/final/series,.xlsx,6032,0.0058,2026-10-08 17:10:11
base_yahoo_mensal_larga.csv,data/final/yahoo/base_yahoo_mensal_larga.csv,data/final/yahoo,.csv,17063,0.0163,2026-10-08 17:07:16
base_yahoo_mensal_larga.json,data/final/yahoo/base_yahoo_mensal_larga.json,data/final/yahoo,.json,56044,0.0534,2026-10-08 17:07:16
base_yahoo_mensal_larga.parquet,data/final/yahoo/base_yahoo_mensal_larga.parquet,data/final/yahoo,.parquet,31015,0.0296,2026-10-08 17:07:16
base_yahoo_mensal_larga.xlsx,data/final/yahoo/base_yahoo_mensal_larga.xlsx,data/final/yahoo,.xlsx,19036,0.0182,2026-10-08 17:07:16
base_yahoo_mensal_longa.csv,data/final/yahoo/base_yahoo_mensal_longa.csv,data/final/yahoo,.csv,133356,0.1272,2026-10-08 17:07:16
base_yahoo_mensal_longa.json,data/final/yahoo/base_yahoo_mensal_longa.json,data/final/yahoo,.json,427168,0.4074,2026-10-08 17:07:16
base_yahoo_mensal_longa.parquet,data/final/yahoo/base_yahoo_mensal_longa.parquet,data/final/yahoo,.parquet,23490,0.0224,2026-10-08 17:07:16
base_yahoo_mensal_longa.xlsx,data/final/yahoo/base_yahoo_mensal_longa.xlsx,data/final/yahoo,.xlsx,60816,0.058,2026-10-08 17:07:16
dicionario_variaveis_yahoo.csv,data/final/yahoo/dicionario_variaveis_yahoo.csv,data/final/yahoo,.csv,5292,0.005,2026-10-08 17:07:16
dicionario_variaveis_yahoo.json,data/final/yahoo/dicionario_variaveis_yahoo.json,data/final/yahoo,.json,15205,0.0145,2026-10-08 17:07:16
dicionario_variaveis_yahoo.parquet,data/final/yahoo/dicionario_variaveis_yahoo.parquet,data/final/yahoo,.parquet,9745,0.0093,2026-10-08 17:07:16
dicionario_variaveis_yahoo.xlsx,data/final/yahoo/dicionario_variaveis_yahoo.xlsx,data/final/yahoo,.xlsx,7129,0.0068,2026-10-08 17:07:16
resumo_disponibilidade_yahoo.csv,data/final/yahoo/resumo_disponibilidade_yahoo.csv,data/final/yahoo,.csv,805,0.0008,2026-10-08 17:07:16
resumo_disponibilidade_yahoo.json,data/final/yahoo/resumo_disponibilidade_yahoo.json,data/final/yahoo,.json,3293,0.0031,2026-10-08 17:07:16
resumo_disponibilidade_yahoo.parquet,data/final/yahoo/resumo_disponibilidade_yahoo.parquet,data/final/yahoo,.parquet,4567,0.0044,2026-10-08 17:07:16
resumo_disponibilidade_yahoo.xlsx,data/final/yahoo/resumo_disponibilidade_yahoo.xlsx,data/final/yahoo,.xlsx,5555,0.0053,2026-10-08 17:07:16
