fonte,codigo_sgs,ticker,nome_variavel,nome_original,descricao,grupo,tipo,moeda,unidade,frequencia_original,frequencia_final,agregacao_mensal,campo_preco,periodo_coleta,variavel_calculada,fluxo,metrica_origem,formula,nivel_detalhamento,codigo_ncm,produto,grupo_produto
Comex Stat/MDIC,,,comex_corrente_comercio_usd,,Corrente mensal de comércio exterior brasileira.,comercio_exterior,valor_monetario,USD,US$,mensal,mensal,valor mensal oficial,,2020-01 até o último mês disponível,True,calculado,,comex_exportacoes_fob_usd + comex_importacoes_fob_usd,Brasil total,,,
Comex Stat/MDIC,,,comex_exportacoes_fob_usd,metricFOB,Valor mensal total das exportações brasileiras em dólares FOB.,comercio_exterior,valor_monetario,USD,US$ FOB,mensal,mensal,valor mensal oficial,,2020-01 até o último mês disponível,False,exportacao,metricFOB,,Brasil total,,,
Comex Stat/MDIC,,,comex_exportacoes_kg,metricKG,Peso líquido mensal total das exportações brasileiras.,comercio_exterior,peso_liquido,,kg líquido,mensal,mensal,valor mensal oficial,,2020-01 até o último mês disponível,False,exportacao,metricKG,,Brasil total,,,
Comex Stat/MDIC,,,comex_importacoes_cif_usd,metricCIF,Valor mensal total das importações brasileiras em dólares CIF.,comercio_exterior,valor_monetario,USD,US$ CIF,mensal,mensal,valor mensal oficial,,2020-01 até o último mês disponível,False,importacao,metricCIF,,Brasil total,,,
Comex Stat/MDIC,,,comex_importacoes_fob_usd,metricFOB,Valor mensal total das importações brasileiras em dólares FOB.,comercio_exterior,valor_monetario,USD,US$ FOB,mensal,mensal,valor mensal oficial,,2020-01 até o último mês disponível,False,importacao,metricFOB,,Brasil total,,,
Comex Stat/MDIC,,,comex_importacoes_frete_usd,metricFreight,Valor mensal total do frete das importações brasileiras.,comercio_exterior,valor_monetario,USD,US$,mensal,mensal,valor mensal oficial,,2020-01 até o último mês disponível,False,importacao,metricFreight,,Brasil total,,,
Comex Stat/MDIC,,,comex_importacoes_kg,metricKG,Peso líquido mensal total das importações brasileiras.,comercio_exterior,peso_liquido,,kg líquido,mensal,mensal,valor mensal oficial,,2020-01 até o último mês disponível,False,importacao,metricKG,,Brasil total,,,
Comex Stat/MDIC,,,comex_importacoes_seguro_usd,metricInsurance,Valor mensal total do seguro das importações brasileiras.,comercio_exterior,valor_monetario,USD,US$,mensal,mensal,valor mensal oficial,,2020-01 até o último mês disponível,False,importacao,metricInsurance,,Brasil total,,,
Comex Stat/MDIC,,,comex_saldo_comercial_usd,,Saldo comercial mensal brasileiro.,comercio_exterior,valor_monetario,USD,US$,mensal,mensal,valor mensal oficial,,2020-01 até o último mês disponível,True,calculado,,comex_exportacoes_fob_usd - comex_importacoes_fob_usd,Brasil total,,,
Comex Stat/MDIC,,,comex_ncm_02023000_carne_bovina_congelada_exportacoes_fob_usd,metricFOB,"Exportações brasileiras de Carnes desossadas de bovino, congeladas. para o mundo, NCM 02023000, em dólares FOB.",comercio_exterior,valor_monetario,USD,US$ FOB,mensal,mensal,valor mensal oficial,,2020-01 até o último mês disponível,False,exportacao,metricFOB,,NCM Brasil-mundo,02023000,carne_bovina_congelada,proteina_animal
Comex Stat/MDIC,,,comex_ncm_02023000_carne_bovina_congelada_exportacoes_kg,metricKG,"Peso líquido das exportações brasileiras de Carnes desossadas de bovino, congeladas. para o mundo, NCM 02023000.",comercio_exterior,peso_liquido,,kg líquido,mensal,mensal,valor mensal oficial,,2020-01 até o último mês disponível,False,exportacao,metricKG,,NCM Brasil-mundo,02023000,carne_bovina_congelada,proteina_animal
Comex Stat/MDIC,,,comex_ncm_02023000_carne_bovina_congelada_importacoes_fob_usd,metricFOB,"Importações brasileiras de Carnes desossadas de bovino, congeladas. provenientes do mundo, NCM 02023000, em dólares FOB.",comercio_exterior,valor_monetario,USD,US$ FOB,mensal,mensal,valor mensal oficial,,2020-01 até o último mês disponível,False,importacao,metricFOB,,NCM Brasil-mundo,02023000,carne_bovina_congelada,proteina_animal
Comex Stat/MDIC,,,comex_ncm_02023000_carne_bovina_congelada_importacoes_kg,metricKG,"Peso líquido das importações brasileiras de Carnes desossadas de bovino, congeladas. provenientes do mundo, NCM 02023000.",comercio_exterior,peso_liquido,,kg líquido,mensal,mensal,valor mensal oficial,,2020-01 até o último mês disponível,False,importacao,metricKG,,NCM Brasil-mundo,02023000,carne_bovina_congelada,proteina_animal
Comex Stat/MDIC,,,comex_ncm_09011110_cafe_nao_torrado_exportacoes_fob_usd,metricFOB,"Exportações brasileiras de Café não torrado, não descafeinado, em grão. para o mundo, NCM 09011110, em dólares FOB.",comercio_exterior,valor_monetario,USD,US$ FOB,mensal,mensal,valor mensal oficial,,2020-01 até o último mês disponível,False,exportacao,metricFOB,,NCM Brasil-mundo,09011110,cafe_nao_torrado,agropecuaria
Comex Stat/MDIC,,,comex_ncm_09011110_cafe_nao_torrado_exportacoes_kg,metricKG,"Peso líquido das exportações brasileiras de Café não torrado, não descafeinado, em grão. para o mundo, NCM 09011110.",comercio_exterior,peso_liquido,,kg líquido,mensal,mensal,valor mensal oficial,,2020-01 até o último mês disponível,False,exportacao,metricKG,,NCM Brasil-mundo,09011110,cafe_nao_torrado,agropecuaria
Comex Stat/MDIC,,,comex_ncm_09011110_cafe_nao_torrado_importacoes_fob_usd,metricFOB,"Importações brasileiras de Café não torrado, não descafeinado, em grão. provenientes do mundo, NCM 09011110, em dólares FOB.",comercio_exterior,valor_monetario,USD,US$ FOB,mensal,mensal,valor mensal oficial,,2020-01 até o último mês disponível,False,importacao,metricFOB,,NCM Brasil-mundo,09011110,cafe_nao_torrado,agropecuaria
Comex Stat/MDIC,,,comex_ncm_09011110_cafe_nao_torrado_importacoes_kg,metricKG,"Peso líquido das importações brasileiras de Café não torrado, não descafeinado, em grão. provenientes do mundo, NCM 09011110.",comercio_exterior,peso_liquido,,kg líquido,mensal,mensal,valor mensal oficial,,2020-01 até o último mês disponível,False,importacao,metricKG,,NCM Brasil-mundo,09011110,cafe_nao_torrado,agropecuaria
Comex Stat/MDIC,,,comex_ncm_10059010_milho_em_grao_exportacoes_fob_usd,metricFOB,"Exportações brasileiras de Milho em grão, exceto para semeadura. para o mundo, NCM 10059010, em dólares FOB.",comercio_exterior,valor_monetario,USD,US$ FOB,mensal,mensal,valor mensal oficial,,2020-01 até o último mês disponível,False,exportacao,metricFOB,,NCM Brasil-mundo,10059010,milho_em_grao,agropecuaria
Comex Stat/MDIC,,,comex_ncm_10059010_milho_em_grao_exportacoes_kg,metricKG,"Peso líquido das exportações brasileiras de Milho em grão, exceto para semeadura. para o mundo, NCM 10059010.",comercio_exterior,peso_liquido,,kg líquido,mensal,mensal,valor mensal oficial,,2020-01 até o último mês disponível,False,exportacao,metricKG,,NCM Brasil-mundo,10059010,milho_em_grao,agropecuaria
Comex Stat/MDIC,,,comex_ncm_10059010_milho_em_grao_importacoes_fob_usd,metricFOB,"Importações brasileiras de Milho em grão, exceto para semeadura. provenientes do mundo, NCM 10059010, em dólares FOB.",comercio_exterior,valor_monetario,USD,US$ FOB,mensal,mensal,valor mensal oficial,,2020-01 até o último mês disponível,False,importacao,metricFOB,,NCM Brasil-mundo,10059010,milho_em_grao,agropecuaria
Comex Stat/MDIC,,,comex_ncm_10059010_milho_em_grao_importacoes_kg,metricKG,"Peso líquido das importações brasileiras de Milho em grão, exceto para semeadura. provenientes do mundo, NCM 10059010.",comercio_exterior,peso_liquido,,kg líquido,mensal,mensal,valor mensal oficial,,2020-01 até o último mês disponível,False,importacao,metricKG,,NCM Brasil-mundo,10059010,milho_em_grao,agropecuaria
Comex Stat/MDIC,,,comex_ncm_12019000_soja_exceto_semeadura_exportacoes_fob_usd,metricFOB,"Exportações brasileiras de Soja, mesmo triturada, exceto para semeadura. para o mundo, NCM 12019000, em dólares FOB.",comercio_exterior,valor_monetario,USD,US$ FOB,mensal,mensal,valor mensal oficial,,2020-01 até o último mês disponível,False,exportacao,metricFOB,,NCM Brasil-mundo,12019000,soja_exceto_semeadura,agropecuaria
Comex Stat/MDIC,,,comex_ncm_12019000_soja_exceto_semeadura_exportacoes_kg,metricKG,"Peso líquido das exportações brasileiras de Soja, mesmo triturada, exceto para semeadura. para o mundo, NCM 12019000.",comercio_exterior,peso_liquido,,kg líquido,mensal,mensal,valor mensal oficial,,2020-01 até o último mês disponível,False,exportacao,metricKG,,NCM Brasil-mundo,12019000,soja_exceto_semeadura,agropecuaria
Comex Stat/MDIC,,,comex_ncm_12019000_soja_exceto_semeadura_importacoes_fob_usd,metricFOB,"Importações brasileiras de Soja, mesmo triturada, exceto para semeadura. provenientes do mundo, NCM 12019000, em dólares FOB.",comercio_exterior,valor_monetario,USD,US$ FOB,mensal,mensal,valor mensal oficial,,2020-01 até o último mês disponível,False,importacao,metricFOB,,NCM Brasil-mundo,12019000,soja_exceto_semeadura,agropecuaria
Comex Stat/MDIC,,,comex_ncm_12019000_soja_exceto_semeadura_importacoes_kg,metricKG,"Peso líquido das importações brasileiras de Soja, mesmo triturada, exceto para semeadura. provenientes do mundo, NCM 12019000.",comercio_exterior,peso_liquido,,kg líquido,mensal,mensal,valor mensal oficial,,2020-01 até o último mês disponível,False,importacao,metricKG,,NCM Brasil-mundo,12019000,soja_exceto_semeadura,agropecuaria
Comex Stat/MDIC,,,comex_ncm_17011400_acucares_cana_exportacoes_fob_usd,metricFOB,"Exportações brasileiras de Outros açúcares de cana. para o mundo, NCM 17011400, em dólares FOB.",comercio_exterior,valor_monetario,USD,US$ FOB,mensal,mensal,valor mensal oficial,,2020-01 até o último mês disponível,False,exportacao,metricFOB,,NCM Brasil-mundo,17011400,acucares_cana,agroindustria
Comex Stat/MDIC,,,comex_ncm_17011400_acucares_cana_exportacoes_kg,metricKG,"Peso líquido das exportações brasileiras de Outros açúcares de cana. para o mundo, NCM 17011400.",comercio_exterior,peso_liquido,,kg líquido,mensal,mensal,valor mensal oficial,,2020-01 até o último mês disponível,False,exportacao,metricKG,,NCM Brasil-mundo,17011400,acucares_cana,agroindustria
Comex Stat/MDIC,,,comex_ncm_17011400_acucares_cana_importacoes_fob_usd,metricFOB,"Importações brasileiras de Outros açúcares de cana. provenientes do mundo, NCM 17011400, em dólares FOB.",comercio_exterior,valor_monetario,USD,US$ FOB,mensal,mensal,valor mensal oficial,,2020-01 até o último mês disponível,False,importacao,metricFOB,,NCM Brasil-mundo,17011400,acucares_cana,agroindustria
Comex Stat/MDIC,,,comex_ncm_17011400_acucares_cana_importacoes_kg,metricKG,"Peso líquido das importações brasileiras de Outros açúcares de cana. provenientes do mundo, NCM 17011400.",comercio_exterior,peso_liquido,,kg líquido,mensal,mensal,valor mensal oficial,,2020-01 até o último mês disponível,False,importacao,metricKG,,NCM Brasil-mundo,17011400,acucares_cana,agroindustria
Comex Stat/MDIC,,,comex_ncm_23040090_residuos_oleo_soja_exportacoes_fob_usd,metricFOB,"Exportações brasileiras de Bagaços e outros resíduos sólidos da extração do óleo de soja. para o mundo, NCM 23040090, em dólares FOB.",comercio_exterior,valor_monetario,USD,US$ FOB,mensal,mensal,valor mensal oficial,,2020-01 até o último mês disponível,False,exportacao,metricFOB,,NCM Brasil-mundo,23040090,residuos_oleo_soja,agroindustria
Comex Stat/MDIC,,,comex_ncm_23040090_residuos_oleo_soja_exportacoes_kg,metricKG,"Peso líquido das exportações brasileiras de Bagaços e outros resíduos sólidos da extração do óleo de soja. para o mundo, NCM 23040090.",comercio_exterior,peso_liquido,,kg líquido,mensal,mensal,valor mensal oficial,,2020-01 até o último mês disponível,False,exportacao,metricKG,,NCM Brasil-mundo,23040090,residuos_oleo_soja,agroindustria
Comex Stat/MDIC,,,comex_ncm_23040090_residuos_oleo_soja_importacoes_fob_usd,metricFOB,"Importações brasileiras de Bagaços e outros resíduos sólidos da extração do óleo de soja. provenientes do mundo, NCM 23040090, em dólares FOB.",comercio_exterior,valor_monetario,USD,US$ FOB,mensal,mensal,valor mensal oficial,,2020-01 até o último mês disponível,False,importacao,metricFOB,,NCM Brasil-mundo,23040090,residuos_oleo_soja,agroindustria
Comex Stat/MDIC,,,comex_ncm_23040090_residuos_oleo_soja_importacoes_kg,metricKG,"Peso líquido das importações brasileiras de Bagaços e outros resíduos sólidos da extração do óleo de soja. provenientes do mundo, NCM 23040090.",comercio_exterior,peso_liquido,,kg líquido,mensal,mensal,valor mensal oficial,,2020-01 até o último mês disponível,False,importacao,metricKG,,NCM Brasil-mundo,23040090,residuos_oleo_soja,agroindustria
Comex Stat/MDIC,,,comex_ncm_26011100_minerio_ferro_nao_aglomerado_exportacoes_fob_usd,metricFOB,"Exportações brasileiras de Minérios de ferro e seus concentrados, não aglomerados. para o mundo, NCM 26011100, em dólares FOB.",comercio_exterior,valor_monetario,USD,US$ FOB,mensal,mensal,valor mensal oficial,,2020-01 até o último mês disponível,False,exportacao,metricFOB,,NCM Brasil-mundo,26011100,minerio_ferro_nao_aglomerado,mineracao
Comex Stat/MDIC,,,comex_ncm_26011100_minerio_ferro_nao_aglomerado_exportacoes_kg,metricKG,"Peso líquido das exportações brasileiras de Minérios de ferro e seus concentrados, não aglomerados. para o mundo, NCM 26011100.",comercio_exterior,peso_liquido,,kg líquido,mensal,mensal,valor mensal oficial,,2020-01 até o último mês disponível,False,exportacao,metricKG,,NCM Brasil-mundo,26011100,minerio_ferro_nao_aglomerado,mineracao
Comex Stat/MDIC,,,comex_ncm_26011100_minerio_ferro_nao_aglomerado_importacoes_fob_usd,metricFOB,"Importações brasileiras de Minérios de ferro e seus concentrados, não aglomerados. provenientes do mundo, NCM 26011100, em dólares FOB.",comercio_exterior,valor_monetario,USD,US$ FOB,mensal,mensal,valor mensal oficial,,2020-01 até o último mês disponível,False,importacao,metricFOB,,NCM Brasil-mundo,26011100,minerio_ferro_nao_aglomerado,mineracao
Comex Stat/MDIC,,,comex_ncm_26011100_minerio_ferro_nao_aglomerado_importacoes_kg,metricKG,"Peso líquido das importações brasileiras de Minérios de ferro e seus concentrados, não aglomerados. provenientes do mundo, NCM 26011100.",comercio_exterior,peso_liquido,,kg líquido,mensal,mensal,valor mensal oficial,,2020-01 até o último mês disponível,False,importacao,metricKG,,NCM Brasil-mundo,26011100,minerio_ferro_nao_aglomerado,mineracao
Comex Stat/MDIC,,,comex_ncm_27090010_oleos_brutos_petroleo_exportacoes_fob_usd,metricFOB,"Exportações brasileiras de Óleos brutos de petróleo. para o mundo, NCM 27090010, em dólares FOB.",comercio_exterior,valor_monetario,USD,US$ FOB,mensal,mensal,valor mensal oficial,,2020-01 até o último mês disponível,False,exportacao,metricFOB,,NCM Brasil-mundo,27090010,oleos_brutos_petroleo,energia
Comex Stat/MDIC,,,comex_ncm_27090010_oleos_brutos_petroleo_exportacoes_kg,metricKG,"Peso líquido das exportações brasileiras de Óleos brutos de petróleo. para o mundo, NCM 27090010.",comercio_exterior,peso_liquido,,kg líquido,mensal,mensal,valor mensal oficial,,2020-01 até o último mês disponível,False,exportacao,metricKG,,NCM Brasil-mundo,27090010,oleos_brutos_petroleo,energia
Comex Stat/MDIC,,,comex_ncm_27090010_oleos_brutos_petroleo_importacoes_fob_usd,metricFOB,"Importações brasileiras de Óleos brutos de petróleo. provenientes do mundo, NCM 27090010, em dólares FOB.",comercio_exterior,valor_monetario,USD,US$ FOB,mensal,mensal,valor mensal oficial,,2020-01 até o último mês disponível,False,importacao,metricFOB,,NCM Brasil-mundo,27090010,oleos_brutos_petroleo,energia
Comex Stat/MDIC,,,comex_ncm_27090010_oleos_brutos_petroleo_importacoes_kg,metricKG,"Peso líquido das importações brasileiras de Óleos brutos de petróleo. provenientes do mundo, NCM 27090010.",comercio_exterior,peso_liquido,,kg líquido,mensal,mensal,valor mensal oficial,,2020-01 até o último mês disponível,False,importacao,metricKG,,NCM Brasil-mundo,27090010,oleos_brutos_petroleo,energia
Comex Stat/MDIC,,,comex_ncm_27101922_fuel_oil_exportacoes_fob_usd,metricFOB,"Exportações brasileiras de Fuel oil. para o mundo, NCM 27101922, em dólares FOB.",comercio_exterior,valor_monetario,USD,US$ FOB,mensal,mensal,valor mensal oficial,,2020-01 até o último mês disponível,False,exportacao,metricFOB,,NCM Brasil-mundo,27101922,fuel_oil,energia
Comex Stat/MDIC,,,comex_ncm_27101922_fuel_oil_exportacoes_kg,metricKG,"Peso líquido das exportações brasileiras de Fuel oil. para o mundo, NCM 27101922.",comercio_exterior,peso_liquido,,kg líquido,mensal,mensal,valor mensal oficial,,2020-01 até o último mês disponível,False,exportacao,metricKG,,NCM Brasil-mundo,27101922,fuel_oil,energia
Comex Stat/MDIC,,,comex_ncm_27101922_fuel_oil_importacoes_fob_usd,metricFOB,"Importações brasileiras de Fuel oil. provenientes do mundo, NCM 27101922, em dólares FOB.",comercio_exterior,valor_monetario,USD,US$ FOB,mensal,mensal,valor mensal oficial,,2020-01 até o último mês disponível,False,importacao,metricFOB,,NCM Brasil-mundo,27101922,fuel_oil,energia
Comex Stat/MDIC,,,comex_ncm_27101922_fuel_oil_importacoes_kg,metricKG,"Peso líquido das importações brasileiras de Fuel oil. provenientes do mundo, NCM 27101922.",comercio_exterior,peso_liquido,,kg líquido,mensal,mensal,valor mensal oficial,,2020-01 até o último mês disponível,False,importacao,metricKG,,NCM Brasil-mundo,27101922,fuel_oil,energia
Comex Stat/MDIC,,,comex_ncm_47032900_celulose_nao_coniferas_exportacoes_fob_usd,metricFOB,"Exportações brasileiras de Pastas químicas de madeira, semibranqueadas ou branqueadas, de não coníferas. para o mundo, NCM 47032900, em dólares FOB.",comercio_exterior,valor_monetario,USD,US$ FOB,mensal,mensal,valor mensal oficial,,2020-01 até o último mês disponível,False,exportacao,metricFOB,,NCM Brasil-mundo,47032900,celulose_nao_coniferas,celulose
Comex Stat/MDIC,,,comex_ncm_47032900_celulose_nao_coniferas_exportacoes_kg,metricKG,"Peso líquido das exportações brasileiras de Pastas químicas de madeira, semibranqueadas ou branqueadas, de não coníferas. para o mundo, NCM 47032900.",comercio_exterior,peso_liquido,,kg líquido,mensal,mensal,valor mensal oficial,,2020-01 até o último mês disponível,False,exportacao,metricKG,,NCM Brasil-mundo,47032900,celulose_nao_coniferas,celulose
Comex Stat/MDIC,,,comex_ncm_47032900_celulose_nao_coniferas_importacoes_fob_usd,metricFOB,"Importações brasileiras de Pastas químicas de madeira, semibranqueadas ou branqueadas, de não coníferas. provenientes do mundo, NCM 47032900, em dólares FOB.",comercio_exterior,valor_monetario,USD,US$ FOB,mensal,mensal,valor mensal oficial,,2020-01 até o último mês disponível,False,importacao,metricFOB,,NCM Brasil-mundo,47032900,celulose_nao_coniferas,celulose
Comex Stat/MDIC,,,comex_ncm_47032900_celulose_nao_coniferas_importacoes_kg,metricKG,"Peso líquido das importações brasileiras de Pastas químicas de madeira, semibranqueadas ou branqueadas, de não coníferas. provenientes do mundo, NCM 47032900.",comercio_exterior,peso_liquido,,kg líquido,mensal,mensal,valor mensal oficial,,2020-01 até o último mês disponível,False,importacao,metricKG,,NCM Brasil-mundo,47032900,celulose_nao_coniferas,celulose
