variavel,primeira_data,ultima_data,observacoes,dados_ausentes,valor_inicial,valor_final
comex_exportacoes_fob_usd,2020-01-31,2026-09-30,81,0,14429715267.0,34418070076.0
comex_importacoes_fob_usd,2020-01-31,2026-09-30,81,0,17190165488.0,26677510096.0
comex_saldo_comercial_usd,2020-01-31,2026-09-30,81,0,-2760450221.0,7740559980.0
comex_corrente_comercio_usd,2020-01-31,2026-09-30,81,0,31619880755.0,61095580172.0
comex_exportacoes_kg,2020-01-31,2026-09-30,81,0,46718273016.0,76342513744.0
comex_importacoes_kg,2020-01-31,2026-09-30,81,0,12206525099.0,14665789542.0
comex_importacoes_frete_usd,2020-01-31,2026-09-30,81,0,641249369.0,1611232587.0
comex_importacoes_seguro_usd,2020-01-31,2026-09-30,81,0,11309879.0,27463449.0
comex_importacoes_cif_usd,2020-01-31,2026-09-30,81,0,17842724736.0,28316206132.0
acucares_cana_exp_fob,2020-01-31,2026-09-30,81,0,395907378.0,809708916.0
acucares_cana_exp_kg,2020-01-31,2026-09-30,81,0,1403790404.0,2306235692.0
acucares_cana_imp_fob,2020-01-31,2026-09-30,80,1,42579.0,144681.0
acucares_cana_imp_kg,2020-01-31,2026-09-30,80,1,41657.0,122543.0
cafe_nao_torrado_exp_fob,2020-01-31,2026-09-30,81,0,357877575.0,1292800592.0
cafe_nao_torrado_exp_kg,2020-01-31,2026-09-30,81,0,163332129.0,235659946.0
cafe_nao_torrado_imp_fob,2020-07-31,2026-07-31,22,59,31418.0,6294.0
cafe_nao_torrado_imp_kg,2020-07-31,2026-07-31,22,59,20000.0,1560.0
carne_bovina_congelada_exp_fob,2020-01-31,2026-09-30,81,0,500185177.0,950751177.0
carne_bovina_congelada_exp_kg,2020-01-31,2026-09-30,81,0,103909023.0,156467198.0
carne_bovina_congelada_imp_fob,2020-01-31,2026-09-30,81,0,9788257.0,10523613.0
carne_bovina_congelada_imp_kg,2020-01-31,2026-09-30,81,0,1182973.0,988603.0
celulose_nao_coniferas_exp_fob,2020-01-31,2026-09-30,81,0,488810441.0,892280162.0
celulose_nao_coniferas_exp_kg,2020-01-31,2026-09-30,81,0,1351894846.0,1801287673.0
celulose_nao_coniferas_imp_fob,2020-01-31,2026-09-30,71,10,23393.0,1255725.0
celulose_nao_coniferas_imp_kg,2020-01-31,2026-09-30,71,10,40720.0,1333748.0
fuel_oil_exp_fob,2020-01-31,2026-09-30,81,0,401663716.0,649437972.0
fuel_oil_exp_kg,2020-01-31,2026-09-30,81,0,955961547.0,942054629.0
fuel_oil_imp_fob,2020-12-31,2026-07-31,43,38,13124930.0,60.0
fuel_oil_imp_kg,2020-12-31,2026-07-31,43,38,40054409.0,24.0
milho_em_grao_exp_fob,2020-01-31,2026-09-30,81,0,349915062.0,1228786726.0
milho_em_grao_exp_kg,2020-01-31,2026-09-30,81,0,2083530104.0,5207728793.0
milho_em_grao_imp_fob,2020-01-31,2026-09-30,81,0,26216991.0,37058160.0
milho_em_grao_imp_kg,2020-01-31,2026-09-30,81,0,196178640.0,220704294.0
minerio_ferro_nao_aglomerado_exp_fob,2020-01-31,2026-09-30,81,0,1627139024.0,1771842975.0
minerio_ferro_nao_aglomerado_exp_kg,2020-01-31,2026-09-30,81,0,25418986258.0,31660490297.0
minerio_ferro_nao_aglomerado_imp_fob,2020-01-31,2026-09-30,67,14,6207.0,5139747.0
minerio_ferro_nao_aglomerado_imp_kg,2020-01-31,2026-09-30,67,14,7200.0,61011592.0
oleos_brutos_petroleo_exp_fob,2020-01-31,2026-09-30,81,0,1707992437.0,6498868606.0
oleos_brutos_petroleo_exp_kg,2020-01-31,2026-09-30,81,0,4221906804.0,11689652591.0
oleos_brutos_petroleo_imp_fob,2020-01-31,2026-09-30,81,0,207990371.0,631617247.0
oleos_brutos_petroleo_imp_kg,2020-01-31,2026-09-30,81,0,432290309.0,893774707.0
residuos_oleo_soja_exp_fob,2020-01-31,2026-09-30,81,0,281324952.0,755950210.0
residuos_oleo_soja_exp_kg,2020-01-31,2026-09-30,81,0,831821378.0,1941525390.0
residuos_oleo_soja_imp_fob,2020-02-29,2026-08-31,5,76,2282.0,360.0
residuos_oleo_soja_imp_kg,2020-02-29,2026-08-31,5,76,2500.0,0.0
soja_exceto_semeadura_exp_fob,2020-01-31,2026-09-30,81,0,504774218.0,3473089697.0
soja_exceto_semeadura_exp_kg,2020-01-31,2026-09-30,81,0,1397018249.0,7358383641.0
soja_exceto_semeadura_imp_fob,2020-01-31,2026-09-30,77,4,6305340.0,51965570.0
soja_exceto_semeadura_imp_kg,2020-01-31,2026-09-30,77,4,19690000.0,117130000.0
